gender,age,study_hours,attendance,previous_grade,absences,failures,parent_education,internet_access,extra_activities,sleep_hours,free_time,final_score,result
Male,19,1.9,81.0,52.0,4,0,Postgraduate,No,Yes,8.5,2,54.0,Fail
Female,18,4.4,77.0,92.0,6,0,Graduate,Yes,Yes,7.0,2,94.0,Pass
Female,17,3.1,92.0,62.0,1,0,School,Yes,No,6.4,5,65.0,Pass
Male,19,2.6,79.0,77.0,5,0,Graduate,Yes,Yes,7.1,5,63.0,Pass
Male,15,2.8,78.0,61.0,7,3,Graduate,No,No,7.7,1,47.0,Fail
Female,19,3.3,83.0,62.0,4,0,School,Yes,No,6.6,4,64.0,Pass
Male,19,3.9,100.0,53.0,6,0,Postgraduate,Yes,Yes,8.0,2,70.0,Pass
Female,17,1.5,66.0,64.0,6,1,Graduate,No,No,5.6,2,42.0,Fail
Male,18,1.4,91.0,67.0,8,0,Postgraduate,Yes,Yes,8.3,3,61.0,Pass
Male,17,4.7,59.0,50.0,8,0,Graduate,No,Yes,7.0,5,61.0,Pass
Female,16,2.4,85.0,60.0,9,0,School,Yes,Yes,6.9,3,60.0,Pass
Female,18,0.9,100.0,53.0,6,2,Postgraduate,Yes,No,6.2,5,45.0,Fail
Female,16,3.7,88.0,96.0,3,0,Graduate,Yes,No,5.6,5,86.0,Pass
Female,16,3.7,84.0,61.0,6,0,Graduate,No,Yes,5.2,4,64.0,Pass
Female,17,0.7,75.0,85.0,1,1,School,No,No,6.2,4,55.0,Fail
Female,19,3.3,82.0,59.0,3,0,School,Yes,Yes,7.6,4,64.0,Pass
Female,16,4.1,79.0,66.0,6,1,Graduate,Yes,No,5.9,2,69.0,Pass
Male,17,3.6,73.0,42.0,9,0,School,Yes,No,5.3,5,52.0,Fail
Female,15,3.9,79.0,55.0,9,0,Postgraduate,Yes,No,6.0,5,55.0,Fail
Male,15,0.9,84.0,65.0,2,0,Postgraduate,Yes,No,6.6,4,59.0,Fail
Female,15,3.5,73.0,86.0,5,3,Graduate,Yes,Yes,6.6,4,65.0,Pass
Male,15,2.5,72.0,65.0,3,0,School,Yes,Yes,6.9,5,70.0,Pass
Male,19,2.3,66.0,83.0,5,0,Graduate,Yes,No,8.1,1,81.0,Pass
Female,19,4.3,87.0,72.0,2,2,None,No,Yes,8.4,1,62.0,Pass
Female,19,5.2,89.0,86.0,4,0,Graduate,Yes,No,9.2,5,95.0,Pass
Female,15,5.7,85.0,61.0,3,1,Graduate,Yes,Yes,5.2,3,71.0,Pass
Male,15,5.0,94.0,98.0,3,0,Postgraduate,Yes,No,6.1,4,100.0,Pass
Female,16,2.8,83.0,55.0,4,0,School,Yes,No,7.8,3,64.0,Pass
Female,17,3.5,87.0,51.0,4,1,School,Yes,No,6.5,3,49.0,Fail
Male,16,4.2,86.0,44.0,3,1,Postgraduate,Yes,Yes,7.9,1,65.0,Pass
Male,17,3.2,81.0,97.0,9,0,Graduate,Yes,No,7.2,2,88.0,Pass
Male,15,3.2,76.0,74.0,2,3,Postgraduate,Yes,Yes,8.7,1,62.0,Pass
Male,18,4.2,100.0,57.0,4,2,Postgraduate,No,Yes,8.1,3,62.0,Pass
Female,16,2.9,77.0,81.0,2,2,Graduate,Yes,Yes,8.2,1,62.0,Pass
Female,15,1.9,74.0,72.0,9,0,School,Yes,Yes,6.5,5,62.0,Pass
Male,18,2.4,87.0,91.0,8,0,Graduate,Yes,No,6.9,2,79.0,Pass
Female,19,4.0,85.0,39.0,4,0,Graduate,Yes,No,6.7,4,52.0,Fail
Female,15,3.0,65.0,58.0,4,0,Postgraduate,Yes,Yes,5.3,1,60.0,Pass
Male,17,3.5,95.0,55.0,5,0,School,Yes,No,8.6,1,68.0,Pass
Female,19,4.0,81.0,32.0,4,0,Graduate,No,No,7.8,3,49.0,Fail
Male,18,2.4,69.0,78.0,7,0,School,Yes,No,6.6,4,64.0,Pass
Female,19,4.1,96.0,58.0,6,0,Graduate,Yes,Yes,8.4,5,63.0,Pass
Female,17,3.6,90.0,73.0,2,0,Graduate,Yes,No,6.3,3,82.0,Pass
Male,16,1.1,67.0,97.0,8,0,Postgraduate,Yes,Yes,5.0,4,70.0,Pass
Male,18,5.2,100.0,57.0,2,0,School,Yes,No,8.1,4,71.0,Pass
Female,15,2.2,90.0,56.0,5,3,School,Yes,Yes,5.6,4,29.0,Fail
Male,16,0.5,82.0,64.0,3,0,School,Yes,No,6.8,4,58.0,Fail
Female,18,1.4,100.0,77.0,3,0,School,Yes,Yes,7.2,1,75.0,Pass
Female,18,1.5,84.0,53.0,7,0,School,Yes,Yes,7.4,3,54.0,Fail
Female,15,3.1,82.0,53.0,4,0,Postgraduate,Yes,Yes,7.9,5,68.0,Pass
Female,17,2.6,74.0,78.0,8,0,School,Yes,Yes,7.6,3,73.0,Pass
Male,16,2.5,89.0,68.0,5,1,School,No,Yes,7.6,1,62.0,Pass
Male,17,3.9,88.0,31.0,4,0,Graduate,Yes,No,6.1,4,50.0,Fail
Male,19,3.5,82.0,44.0,5,0,School,Yes,Yes,7.3,2,56.0,Fail
Male,15,3.5,73.0,85.0,6,0,School,No,Yes,5.3,3,73.0,Pass
Male,19,3.6,84.0,68.0,5,1,Postgraduate,Yes,Yes,8.7,3,76.0,Pass
Female,17,3.9,81.0,51.0,5,3,School,Yes,Yes,5.5,4,42.0,Fail
Male,18,0.0,66.0,59.0,4,1,School,Yes,Yes,6.6,5,46.0,Fail
Female,17,2.5,64.0,62.0,6,0,Graduate,Yes,No,5.5,4,57.0,Fail
Female,16,0.0,89.0,73.0,2,1,School,Yes,Yes,6.2,5,54.0,Fail
Female,18,3.1,51.0,42.0,3,0,School,Yes,No,7.0,1,59.0,Fail
Female,18,3.0,84.0,49.0,0,0,School,Yes,Yes,6.4,4,66.0,Pass
Male,15,4.6,76.0,66.0,4,2,School,Yes,No,8.3,3,69.0,Pass
Female,18,4.8,98.0,61.0,3,0,Postgraduate,Yes,Yes,7.2,4,75.0,Pass
Male,18,3.3,76.0,71.0,2,3,School,No,No,6.5,1,61.0,Pass
Male,16,2.2,90.0,44.0,7,0,School,Yes,No,6.9,3,50.0,Fail
Female,19,3.7,77.0,67.0,2,0,School,Yes,No,8.3,1,72.0,Pass
Male,18,2.2,83.0,78.0,6,0,Postgraduate,Yes,No,8.0,4,63.0,Pass
Male,16,3.0,91.0,69.0,5,2,School,Yes,No,5.7,2,58.0,Fail
Male,15,4.5,76.0,64.0,3,0,Postgraduate,Yes,No,6.3,1,70.0,Pass
Female,18,2.2,94.0,61.0,6,1,School,Yes,No,7.5,1,60.0,Pass
Male,16,4.2,70.0,49.0,5,0,Postgraduate,Yes,Yes,7.4,2,59.0,Fail
Male,18,4.0,86.0,61.0,4,1,School,No,No,5.8,5,65.0,Pass
Male,17,1.6,93.0,81.0,8,0,School,Yes,No,7.8,5,70.0,Pass
Female,17,4.5,90.0,60.0,5,0,Graduate,No,Yes,6.0,1,81.0,Pass
Male,15,4.0,100.0,49.0,4,0,School,Yes,No,8.4,5,60.0,Pass
Male,18,3.2,73.0,55.0,3,0,Graduate,Yes,No,7.6,3,69.0,Pass
Male,15,1.9,65.0,65.0,4,0,Graduate,No,Yes,5.8,2,48.0,Fail
Female,17,1.7,70.0,56.0,5,0,Graduate,No,Yes,6.4,5,51.0,Fail
Female,19,2.2,90.0,69.0,3,0,School,Yes,Yes,6.4,2,65.0,Pass
Female,19,3.8,88.0,70.0,4,2,Graduate,Yes,No,7.2,1,63.0,Pass
Male,19,1.6,83.0,75.0,9,0,School,No,No,6.8,2,58.0,Fail
Male,19,3.7,69.0,83.0,4,1,Postgraduate,Yes,Yes,5.7,1,70.0,Pass
Female,17,1.1,91.0,77.0,4,0,Graduate,Yes,No,5.5,3,60.0,Pass
Female,16,2.7,67.0,48.0,3,1,Graduate,Yes,Yes,7.6,1,50.0,Fail
Female,19,3.2,96.0,48.0,5,0,Postgraduate,Yes,No,7.3,2,65.0,Pass
Male,19,6.7,100.0,61.0,1,0,Graduate,Yes,Yes,7.1,2,94.0,Pass
Male,19,0.9,86.0,55.0,5,0,Graduate,Yes,No,7.3,4,54.0,Fail
Female,18,5.2,89.0,45.0,5,0,School,Yes,Yes,6.3,5,68.0,Pass
Female,15,3.2,76.0,55.0,4,0,Graduate,Yes,No,7.2,1,56.0,Fail
Male,17,3.6,60.0,55.0,5,0,School,Yes,No,9.8,4,56.0,Fail
Female,17,3.2,75.0,52.0,3,1,None,Yes,No,8.3,1,57.0,Fail
Female,19,3.7,69.0,57.0,12,0,Graduate,Yes,Yes,6.7,5,59.0,Fail
Male,16,2.8,65.0,80.0,4,0,None,Yes,Yes,6.4,2,64.0,Pass
Female,16,5.2,100.0,65.0,9,3,Graduate,Yes,Yes,4.0,5,60.0,Pass
Male,15,2.3,85.0,99.0,6,0,School,No,Yes,8.2,4,78.0,Pass
Male,19,4.7,87.0,65.0,4,0,School,Yes,Yes,7.9,2,73.0,Pass
Female,18,2.0,78.0,58.0,6,3,Postgraduate,Yes,No,6.4,2,44.0,Fail
Female,15,2.9,80.0,62.0,3,1,School,Yes,Yes,5.4,2,58.0,Fail
Male,17,1.4,94.0,66.0,4,2,Graduate,Yes,Yes,5.7,3,49.0,Fail
Female,17,3.7,82.0,69.0,4,1,Graduate,Yes,Yes,7.5,3,66.0,Pass
Male,17,5.2,88.0,93.0,0,0,Postgraduate,Yes,Yes,6.9,4,93.0,Pass
Female,19,2.9,80.0,49.0,2,0,School,Yes,No,7.8,3,56.0,Fail
Male,15,2.7,78.0,75.0,7,0,Graduate,Yes,Yes,7.1,4,74.0,Pass
Female,16,1.3,65.0,65.0,4,2,School,Yes,Yes,8.1,3,47.0,Fail
Female,15,2.7,58.0,38.0,5,1,School,Yes,Yes,7.4,2,45.0,Fail
Female,16,0.6,79.0,74.0,6,0,School,Yes,No,7.9,2,63.0,Pass
Female,19,1.6,83.0,81.0,2,0,School,Yes,Yes,4.7,4,64.0,Pass
Male,19,3.3,67.0,49.0,3,0,Graduate,Yes,Yes,5.6,1,50.0,Fail
Female,15,5.0,82.0,62.0,3,0,School,Yes,No,6.6,2,69.0,Pass
Male,18,7.2,83.0,36.0,9,1,School,Yes,No,8.2,2,58.0,Fail
Female,16,2.1,56.0,43.0,9,0,Graduate,Yes,Yes,9.1,4,41.0,Fail
Female,15,5.2,71.0,78.0,3,0,Graduate,Yes,Yes,6.8,1,89.0,Pass
Male,16,3.4,87.0,55.0,2,2,School,Yes,No,6.3,3,56.0,Fail
Female,15,2.8,87.0,45.0,6,0,School,Yes,Yes,4.8,4,60.0,Pass
Female,17,3.6,68.0,65.0,5,0,School,Yes,Yes,7.9,5,62.0,Pass
Male,19,3.1,84.0,54.0,3,0,Graduate,Yes,No,6.4,3,69.0,Pass
Male,17,3.2,94.0,55.0,6,0,Postgraduate,Yes,No,10.0,5,73.0,Pass
Male,18,2.4,91.0,73.0,4,0,Graduate,Yes,Yes,6.2,4,69.0,Pass
Male,17,0.9,81.0,45.0,3,0,Graduate,Yes,No,9.3,4,50.0,Fail
Male,15,0.7,76.0,48.0,3,0,None,No,No,7.8,2,49.0,Fail
Female,15,4.0,74.0,64.0,4,0,Postgraduate,No,No,5.9,5,65.0,Pass
Female,16,2.6,88.0,77.0,7,0,School,Yes,No,7.3,2,70.0,Pass
Male,16,2.1,84.0,81.0,8,0,School,Yes,Yes,7.8,1,70.0,Pass
Female,19,3.0,90.0,52.0,4,2,School,Yes,Yes,6.8,1,41.0,Fail
Female,19,4.2,84.0,76.0,1,0,School,Yes,Yes,7.9,4,81.0,Pass
Male,19,3.3,92.0,50.0,2,0,Graduate,No,Yes,7.9,4,60.0,Pass
Female,18,2.0,83.0,89.0,9,1,School,Yes,No,7.7,1,64.0,Pass
Female,17,4.8,91.0,45.0,3,0,School,Yes,No,7.0,5,65.0,Pass
Female,18,5.4,92.0,82.0,4,0,School,Yes,No,5.7,2,79.0,Pass
Female,17,3.7,72.0,52.0,5,1,Postgraduate,Yes,Yes,6.9,4,60.0,Pass
Female,18,4.5,60.0,92.0,8,0,Graduate,No,Yes,7.2,3,82.0,Pass
Male,18,4.9,100.0,71.0,3,0,Postgraduate,Yes,Yes,4.9,3,81.0,Pass
Female,18,4.7,85.0,47.0,6,1,Postgraduate,Yes,No,7.2,4,59.0,Fail
Female,18,3.9,61.0,54.0,6,0,Postgraduate,Yes,Yes,6.9,5,55.0,Fail
Male,15,3.9,73.0,74.0,6,0,School,No,No,5.6,4,69.0,Pass
Female,18,3.8,91.0,78.0,1,0,School,Yes,No,6.6,5,78.0,Pass
Male,16,1.4,79.0,61.0,5,0,School,Yes,Yes,6.7,5,55.0,Fail
Male,18,4.1,76.0,63.0,3,1,School,Yes,No,9.1,2,67.0,Pass
Male,17,1.0,99.0,73.0,5,0,Graduate,No,No,7.2,3,61.0,Pass
Female,19,1.8,69.0,64.0,3,0,None,Yes,No,8.1,1,52.0,Fail
Male,16,5.0,72.0,43.0,6,0,School,Yes,Yes,6.9,5,62.0,Pass
Male,19,4.3,85.0,50.0,5,2,Graduate,Yes,Yes,4.9,5,53.0,Fail
Male,19,5.2,87.0,66.0,7,0,School,Yes,Yes,7.7,5,73.0,Pass
Female,16,2.6,88.0,80.0,6,0,None,Yes,No,6.3,4,70.0,Pass
Female,17,1.3,93.0,86.0,6,0,School,Yes,No,6.6,5,74.0,Pass
Male,17,2.6,84.0,74.0,7,0,Graduate,Yes,Yes,5.8,4,73.0,Pass
Male,18,3.2,88.0,66.0,6,0,School,Yes,Yes,7.1,2,66.0,Pass
Female,18,3.1,79.0,73.0,3,2,School,No,No,8.2,2,52.0,Fail
Male,19,4.7,83.0,52.0,8,0,School,No,No,8.0,3,56.0,Fail
Female,16,2.5,83.0,60.0,5,0,Graduate,Yes,No,8.7,3,62.0,Pass
Male,17,3.5,85.0,50.0,7,0,School,Yes,No,8.9,4,65.0,Pass
Female,17,1.5,91.0,43.0,5,0,None,Yes,No,4.7,4,39.0,Fail
Male,19,3.7,89.0,67.0,10,0,Postgraduate,No,No,5.7,5,62.0,Pass
Male,16,3.0,83.0,65.0,5,1,Postgraduate,Yes,No,5.0,4,56.0,Fail
Female,17,1.9,72.0,72.0,4,0,School,Yes,Yes,7.7,1,64.0,Pass
Male,15,2.6,83.0,70.0,1,1,School,No,Yes,6.2,2,61.0,Pass
Female,19,2.7,82.0,66.0,2,0,School,Yes,Yes,6.5,2,61.0,Pass
Female,16,2.6,84.0,70.0,5,0,Graduate,Yes,No,6.8,4,72.0,Pass
Female,16,5.7,100.0,61.0,6,0,School,Yes,Yes,7.4,2,79.0,Pass
Female,17,2.9,76.0,68.0,3,0,Postgraduate,Yes,No,5.4,5,77.0,Pass
Female,17,2.6,87.0,51.0,4,0,Graduate,Yes,No,5.6,2,52.0,Fail
Male,19,0.0,95.0,68.0,5,2,Graduate,Yes,Yes,7.0,3,56.0,Fail
Male,17,1.7,83.0,72.0,6,2,None,Yes,Yes,8.3,5,57.0,Fail
Male,17,2.6,100.0,52.0,5,1,Postgraduate,No,Yes,7.0,2,56.0,Fail
Female,15,2.0,77.0,63.0,4,2,Graduate,Yes,No,6.1,1,48.0,Fail
Male,15,5.1,86.0,53.0,9,0,Graduate,Yes,Yes,4.6,2,61.0,Pass
Male,16,2.8,72.0,54.0,4,0,None,Yes,Yes,8.0,2,54.0,Fail
Male,19,4.9,78.0,45.0,1,0,Graduate,No,Yes,6.2,4,62.0,Pass
Male,19,3.1,85.0,81.0,3,1,Graduate,Yes,Yes,5.7,4,71.0,Pass
Male,18,3.1,92.0,78.0,5,0,Postgraduate,Yes,No,5.1,3,68.0,Pass
Male,18,2.9,86.0,70.0,5,0,Graduate,No,No,5.4,3,75.0,Pass
Female,16,3.0,97.0,92.0,5,0,Graduate,Yes,Yes,5.9,3,83.0,Pass
Female,15,5.6,81.0,59.0,5,0,School,Yes,No,6.7,1,74.0,Pass
Female,15,0.0,78.0,100.0,3,1,Graduate,No,No,5.7,1,62.0,Pass
Male,16,0.0,100.0,59.0,6,0,Postgraduate,Yes,Yes,7.2,4,55.0,Fail
Female,16,2.2,87.0,66.0,6,0,Graduate,Yes,Yes,6.7,5,62.0,Pass
Male,15,3.0,73.0,56.0,5,1,School,Yes,No,9.4,3,54.0,Fail
Female,16,4.0,74.0,68.0,8,0,None,Yes,No,5.1,1,64.0,Pass
Female,15,3.7,71.0,75.0,9,0,Graduate,No,Yes,7.2,5,71.0,Pass
Female,18,2.4,93.0,60.0,5,0,Postgraduate,Yes,Yes,7.2,2,69.0,Pass
Male,19,4.5,78.0,89.0,6,0,None,Yes,No,5.9,4,82.0,Pass
Male,18,4.5,84.0,66.0,5,0,School,Yes,No,7.1,5,70.0,Pass
Female,17,3.3,81.0,66.0,3,0,Postgraduate,Yes,Yes,7.8,5,73.0,Pass
Male,17,4.4,91.0,48.0,5,0,Graduate,Yes,Yes,7.1,1,67.0,Pass
Male,16,3.4,72.0,68.0,4,0,School,Yes,No,8.5,1,74.0,Pass
Male,15,2.2,69.0,60.0,3,0,School,Yes,Yes,4.6,4,55.0,Fail
Male,17,4.0,85.0,53.0,8,2,School,Yes,Yes,6.1,4,48.0,Fail
Male,17,3.2,89.0,50.0,3,0,School,Yes,No,8.6,5,59.0,Fail
Male,15,3.0,86.0,100.0,1,0,Graduate,Yes,Yes,8.0,3,91.0,Pass
Female,17,5.2,72.0,58.0,6,0,Graduate,Yes,No,7.6,1,72.0,Pass
Female,16,0.0,90.0,40.0,5,0,Graduate,Yes,No,8.4,4,42.0,Fail
Female,15,0.9,73.0,52.0,4,2,Graduate,Yes,Yes,4.9,4,33.0,Fail
Male,18,1.2,76.0,61.0,2,0,None,Yes,Yes,7.9,3,60.0,Pass
Female,17,2.5,71.0,70.0,0,0,School,Yes,No,8.2,4,70.0,Pass
Male,18,2.6,98.0,70.0,4,0,School,Yes,Yes,6.3,2,79.0,Pass
Male,18,0.7,90.0,72.0,3,1,School,Yes,No,9.9,5,54.0,Fail
Male,19,1.5,89.0,52.0,9,0,Graduate,No,Yes,7.2,1,56.0,Fail
Male,19,1.7,97.0,67.0,4,1,School,Yes,No,4.6,5,45.0,Fail
Female,18,6.7,100.0,49.0,3,0,Graduate,Yes,Yes,7.4,5,82.0,Pass
Male,19,5.7,61.0,53.0,2,0,School,No,Yes,6.2,4,57.0,Fail
Female,17,2.4,73.0,48.0,5,0,School,Yes,No,8.3,5,46.0,Fail
Male,19,2.5,75.0,44.0,2,0,School,Yes,Yes,7.6,5,53.0,Fail
Female,18,1.3,72.0,78.0,2,0,Graduate,Yes,Yes,6.3,1,65.0,Pass
Male,18,0.1,69.0,72.0,2,0,Graduate,Yes,No,8.7,3,55.0,Fail
Male,19,2.8,78.0,77.0,3,0,Graduate,Yes,No,8.0,4,71.0,Pass
Female,17,1.5,67.0,63.0,5,0,School,Yes,Yes,6.1,5,56.0,Fail
Female,18,2.9,86.0,74.0,4,0,Graduate,Yes,No,6.8,4,67.0,Pass
Male,16,0.6,83.0,36.0,4,0,Graduate,Yes,Yes,7.6,3,43.0,Fail
Female,19,1.9,88.0,75.0,4,0,School,Yes,Yes,6.6,3,66.0,Pass
Male,18,3.2,88.0,65.0,3,0,None,No,Yes,6.6,1,70.0,Pass
Female,18,3.5,89.0,71.0,8,0,School,Yes,No,7.0,2,74.0,Pass
Female,17,3.6,78.0,68.0,3,0,School,Yes,No,5.8,3,59.0,Fail
Male,19,1.0,100.0,47.0,12,0,Postgraduate,Yes,Yes,4.5,5,50.0,Fail
Female,15,4.3,85.0,40.0,6,0,School,Yes,No,7.3,5,53.0,Fail
Male,15,1.8,60.0,51.0,8,0,Graduate,No,Yes,4.8,4,43.0,Fail
Male,17,3.9,70.0,70.0,4,0,Graduate,Yes,Yes,5.9,1,68.0,Pass
Male,18,3.0,61.0,72.0,4,1,School,Yes,Yes,5.1,4,58.0,Fail
Male,19,0.9,82.0,41.0,5,0,Graduate,Yes,No,5.2,3,53.0,Fail
Female,17,2.5,81.0,47.0,5,0,None,Yes,Yes,7.5,4,52.0,Fail
Male,18,3.5,76.0,51.0,4,0,Graduate,Yes,No,6.8,3,58.0,Fail
Male,17,3.9,100.0,57.0,2,1,School,Yes,Yes,6.7,4,63.0,Pass
Female,19,2.8,89.0,42.0,7,1,School,Yes,No,5.6,2,38.0,Fail
Male,18,5.3,91.0,41.0,6,1,School,Yes,Yes,6.3,1,65.0,Pass
Female,17,4.5,71.0,50.0,4,0,Graduate,Yes,Yes,7.4,2,67.0,Pass
Male,19,2.6,70.0,63.0,4,0,Graduate,No,No,6.9,5,53.0,Fail
Female,15,4.1,82.0,44.0,11,0,Graduate,Yes,No,7.9,1,54.0,Fail
Female,19,5.9,84.0,60.0,8,0,None,Yes,No,8.1,2,73.0,Pass
Female,15,5.9,60.0,78.0,5,1,Postgraduate,No,Yes,6.7,2,81.0,Pass
Male,16,1.2,80.0,42.0,6,0,None,Yes,No,5.0,5,32.0,Fail
Male,19,1.6,82.0,59.0,3,0,Graduate,Yes,Yes,6.2,2,64.0,Pass
Female,18,5.2,79.0,77.0,8,1,Graduate,No,No,6.9,5,70.0,Pass
Male,19,1.4,72.0,56.0,3,0,Graduate,No,No,6.1,5,44.0,Fail
Female,18,1.0,76.0,53.0,3,1,School,Yes,No,5.8,4,39.0,Fail
Male,18,2.3,80.0,79.0,5,0,Graduate,Yes,No,7.1,2,80.0,Pass
Female,16,3.6,83.0,57.0,5,0,Graduate,No,Yes,9.7,3,59.0,Fail
Female,15,2.8,89.0,79.0,6,0,School,Yes,Yes,6.5,4,69.0,Pass
Male,15,2.0,95.0,68.0,11,0,Graduate,Yes,No,7.0,1,69.0,Pass
Male,16,2.0,78.0,57.0,4,0,None,Yes,Yes,5.6,5,52.0,Fail
Female,15,1.9,77.0,69.0,9,0,Graduate,Yes,Yes,8.4,3,60.0,Pass
Male,17,1.7,87.0,67.0,5,0,Graduate,No,No,8.0,5,65.0,Pass
Female,18,6.4,89.0,77.0,3,0,Graduate,No,No,7.9,4,93.0,Pass
Male,19,3.4,77.0,54.0,3,1,School,Yes,No,8.5,5,56.0,Fail
Female,17,4.3,91.0,63.0,4,0,School,Yes,No,6.5,1,70.0,Pass
Female,19,2.3,94.0,61.0,4,0,Graduate,Yes,No,6.7,1,64.0,Pass
Male,19,2.7,98.0,73.0,5,0,School,Yes,Yes,8.9,1,77.0,Pass
Female,19,1.9,100.0,47.0,0,2,Graduate,Yes,No,7.7,5,41.0,Fail
Male,17,0.0,72.0,77.0,6,1,School,Yes,No,4.6,5,51.0,Fail
Female,16,0.9,82.0,69.0,6,3,Graduate,Yes,No,7.5,5,50.0,Fail
Male,19,0.3,82.0,42.0,3,2,School,Yes,No,6.4,2,30.0,Fail
Male,16,0.0,81.0,80.0,3,0,School,Yes,Yes,8.0,2,66.0,Pass
Male,17,1.2,74.0,96.0,6,0,School,Yes,No,7.4,2,79.0,Pass
Male,15,5.0,64.0,77.0,5,0,None,No,No,5.1,5,76.0,Pass
Male,18,2.9,83.0,83.0,4,1,School,Yes,Yes,7.3,2,79.0,Pass
Female,18,4.9,73.0,63.0,5,0,School,Yes,No,7.2,3,62.0,Pass
Male,15,3.6,83.0,37.0,9,0,Graduate,Yes,No,7.4,4,50.0,Fail
Female,16,4.2,72.0,34.0,1,2,School,Yes,Yes,7.6,2,47.0,Fail
Male,17,1.6,69.0,66.0,9,1,Graduate,Yes,No,8.6,3,50.0,Fail
Male,17,3.8,85.0,53.0,2,3,Postgraduate,Yes,Yes,7.5,4,60.0,Pass
Female,19,4.1,84.0,48.0,6,0,Graduate,Yes,Yes,7.0,4,69.0,Pass
Female,16,2.1,89.0,61.0,3,0,School,Yes,No,8.3,1,61.0,Pass
Male,19,3.8,100.0,71.0,4,0,None,Yes,No,9.5,3,75.0,Pass
Male,17,3.8,85.0,40.0,2,0,School,Yes,Yes,8.0,1,58.0,Fail
Female,19,2.2,88.0,55.0,8,0,Graduate,Yes,Yes,7.2,1,59.0,Fail
Female,16,1.3,69.0,85.0,7,0,Graduate,Yes,No,7.5,4,65.0,Pass
Female,15,1.2,67.0,46.0,4,1,None,Yes,No,7.3,3,41.0,Fail
Male,15,3.1,100.0,75.0,7,0,School,Yes,Yes,7.0,2,71.0,Pass
Male,16,3.5,71.0,55.0,6,0,School,No,Yes,9.4,1,48.0,Fail
Female,19,1.8,69.0,70.0,4,1,School,Yes,Yes,6.2,5,46.0,Fail
Female,15,3.0,82.0,78.0,5,0,Postgraduate,Yes,Yes,8.3,5,72.0,Pass
Male,16,3.9,81.0,73.0,4,0,School,Yes,Yes,6.9,5,70.0,Pass
Male,15,3.9,71.0,76.0,4,0,None,Yes,Yes,5.4,1,72.0,Pass
Male,19,5.3,78.0,45.0,3,0,School,Yes,No,6.8,1,60.0,Pass
Female,18,4.9,97.0,79.0,4,1,School,No,No,6.4,2,71.0,Pass
Male,18,1.5,72.0,49.0,7,0,School,Yes,Yes,7.6,1,46.0,Fail
Male,18,5.5,65.0,66.0,2,0,School,Yes,No,7.1,3,69.0,Pass
Male,18,2.2,93.0,66.0,5,3,School,Yes,No,5.9,4,43.0,Fail
Female,18,4.6,88.0,69.0,5,0,School,Yes,Yes,8.6,1,77.0,Pass
Male,15,3.1,75.0,67.0,4,1,Graduate,No,No,8.2,2,64.0,Pass
Male,19,2.4,63.0,49.0,9,0,Graduate,No,Yes,8.7,3,44.0,Fail
Male,18,0.3,73.0,42.0,6,2,None,Yes,No,7.3,2,25.0,Fail
Male,18,2.7,81.0,75.0,1,0,Postgraduate,Yes,No,7.0,3,72.0,Pass
Female,16,0.7,96.0,65.0,4,0,School,Yes,No,7.8,3,64.0,Pass
Male,19,4.5,70.0,79.0,5,2,Postgraduate,Yes,Yes,6.4,5,67.0,Pass
Male,16,5.3,81.0,61.0,4,2,Postgraduate,Yes,No,7.1,2,71.0,Pass
Female,15,1.8,90.0,41.0,6,0,School,No,Yes,6.8,1,42.0,Fail
Male,19,3.5,53.0,76.0,6,0,School,Yes,Yes,5.4,5,63.0,Pass
Female,16,1.9,94.0,56.0,4,0,Graduate,Yes,No,7.1,3,58.0,Fail
Female,15,2.1,68.0,67.0,1,1,School,Yes,Yes,6.5,3,51.0,Fail
Male,18,4.2,86.0,52.0,9,1,School,Yes,Yes,6.7,4,55.0,Fail
Female,16,2.9,85.0,87.0,10,0,Graduate,Yes,No,7.4,5,83.0,Pass
Male,19,5.6,95.0,49.0,6,0,Graduate,Yes,No,8.4,1,70.0,Pass
Female,17,2.3,89.0,57.0,5,0,Postgraduate,Yes,Yes,6.1,5,60.0,Pass
Male,15,4.5,53.0,64.0,2,1,Graduate,No,Yes,6.6,4,54.0,Fail
Female,19,3.1,73.0,46.0,6,0,Postgraduate,Yes,Yes,6.2,3,49.0,Fail
Female,17,4.2,84.0,67.0,7,0,Graduate,Yes,No,6.1,5,65.0,Pass
Female,16,2.3,80.0,86.0,4,3,Graduate,Yes,Yes,6.3,2,58.0,Fail
Male,18,2.9,88.0,55.0,12,0,Graduate,Yes,No,6.8,4,55.0,Fail
Male,17,2.8,91.0,68.0,7,0,Postgraduate,Yes,Yes,7.6,3,71.0,Pass
Male,15,1.7,89.0,21.0,7,0,Postgraduate,No,Yes,7.4,5,29.0,Fail
Male,18,4.0,79.0,61.0,6,0,Graduate,Yes,Yes,5.8,3,64.0,Pass
Female,17,4.0,60.0,57.0,4,1,Graduate,Yes,No,8.4,4,60.0,Pass
Male,18,3.9,77.0,50.0,4,0,Graduate,Yes,Yes,8.0,3,58.0,Fail
Female,19,5.3,87.0,78.0,6,0,School,Yes,No,6.0,2,80.0,Pass
Female,18,5.2,69.0,57.0,6,0,Postgraduate,No,Yes,8.3,2,72.0,Pass
Male,18,2.4,90.0,59.0,7,0,None,Yes,No,7.4,5,53.0,Fail
Male,16,3.6,93.0,56.0,4,0,School,Yes,Yes,6.8,5,66.0,Pass
Female,16,2.1,84.0,33.0,3,0,School,No,Yes,7.4,2,38.0,Fail
Male,17,3.0,45.0,45.0,4,0,Graduate,Yes,Yes,7.0,5,52.0,Fail
Male,19,2.1,67.0,76.0,7,0,Graduate,Yes,Yes,7.6,3,68.0,Pass
Female,17,5.4,100.0,30.0,3,3,School,Yes,Yes,7.2,1,48.0,Fail
Female,16,3.5,75.0,51.0,4,0,School,Yes,No,6.6,4,62.0,Pass
Male,18,2.7,58.0,56.0,6,1,School,Yes,No,4.8,1,44.0,Fail
Male,19,4.8,97.0,88.0,3,0,School,No,Yes,7.6,5,85.0,Pass
Male,19,0.0,82.0,74.0,5,0,None,Yes,Yes,6.6,3,62.0,Pass
Female,16,0.0,95.0,54.0,3,3,Graduate,Yes,Yes,7.9,5,45.0,Fail
Female,18,4.2,85.0,82.0,2,0,School,No,No,7.5,3,77.0,Pass
Female,17,3.1,88.0,51.0,6,1,School,Yes,Yes,6.6,1,54.0,Fail
Female,17,3.4,86.0,77.0,4,0,School,Yes,Yes,8.1,4,81.0,Pass
Female,16,1.0,90.0,42.0,6,0,Graduate,Yes,No,7.2,4,46.0,Fail
Male,15,3.0,100.0,78.0,7,0,Postgraduate,Yes,Yes,7.2,2,83.0,Pass
Male,16,6.0,94.0,56.0,4,0,School,Yes,Yes,6.8,2,81.0,Pass
Female,17,4.2,63.0,47.0,7,0,School,Yes,Yes,8.9,5,53.0,Fail
Female,19,3.3,87.0,59.0,3,0,Graduate,Yes,Yes,6.2,4,68.0,Pass
Female,19,2.3,96.0,66.0,6,0,None,Yes,Yes,6.6,2,64.0,Pass
Male,15,2.4,96.0,55.0,5,0,Graduate,Yes,No,5.6,4,53.0,Fail
Male,18,0.0,77.0,70.0,1,1,Postgraduate,Yes,No,7.8,2,52.0,Fail
Male,15,3.4,96.0,53.0,5,0,Graduate,Yes,Yes,6.4,1,64.0,Pass
Male,18,4.3,93.0,71.0,4,1,Postgraduate,Yes,No,6.5,4,77.0,Pass
Female,16,0.6,100.0,69.0,6,0,School,Yes,Yes,6.4,5,63.0,Pass
Female,17,2.0,73.0,61.0,6,0,School,Yes,Yes,7.1,5,59.0,Fail
Male,18,1.3,76.0,55.0,7,0,School,Yes,Yes,5.6,3,51.0,Fail
Male,17,1.6,78.0,64.0,7,2,None,Yes,No,4.5,1,43.0,Fail
Female,19,3.1,76.0,70.0,2,0,School,Yes,Yes,7.5,3,72.0,Pass
Male,17,0.0,71.0,93.0,6,2,School,Yes,No,4.7,4,51.0,Fail
Female,19,3.9,49.0,76.0,2,0,Graduate,Yes,No,7.9,5,73.0,Pass
Female,18,4.1,77.0,77.0,10,0,School,Yes,Yes,8.7,1,70.0,Pass
Male,16,2.6,86.0,100.0,4,1,Graduate,Yes,Yes,6.8,4,77.0,Pass
Male,18,0.0,76.0,70.0,1,3,School,No,Yes,8.4,3,35.0,Fail
Female,17,1.5,100.0,69.0,7,0,School,Yes,No,7.0,3,68.0,Pass
Female,17,4.8,82.0,73.0,5,2,School,No,Yes,8.8,1,75.0,Pass
Male,15,0.0,97.0,47.0,5,0,Graduate,Yes,Yes,6.5,1,40.0,Fail
Female,15,2.5,85.0,55.0,1,1,Graduate,Yes,No,4.4,4,59.0,Fail
Female,17,1.2,92.0,54.0,6,0,Graduate,Yes,Yes,6.9,1,58.0,Fail
Female,15,4.2,85.0,72.0,5,0,None,Yes,Yes,8.9,4,79.0,Pass
Male,19,2.0,98.0,59.0,2,0,School,No,Yes,7.6,1,66.0,Pass
Female,19,3.6,83.0,64.0,1,1,Postgraduate,Yes,Yes,6.4,5,73.0,Pass
Female,18,3.8,88.0,78.0,4,0,None,No,No,7.4,2,75.0,Pass
Male,18,5.8,86.0,75.0,2,0,School,Yes,No,8.1,3,80.0,Pass
Male,17,2.7,79.0,60.0,2,0,None,Yes,Yes,6.9,2,61.0,Pass
Female,15,3.6,87.0,52.0,5,1,School,Yes,Yes,9.9,3,61.0,Pass
Male,16,0.8,100.0,79.0,5,0,School,Yes,Yes,6.4,3,66.0,Pass
Male,17,4.8,79.0,74.0,4,0,School,Yes,No,8.1,4,81.0,Pass
Male,19,1.9,87.0,38.0,8,0,Graduate,No,No,7.8,4,44.0,Fail
Female,16,2.2,97.0,57.0,6,0,Postgraduate,Yes,No,6.2,5,58.0,Fail
Female,17,3.0,96.0,64.0,1,0,School,No,Yes,6.5,1,64.0,Pass
Male,16,0.7,82.0,74.0,3,0,School,No,Yes,8.1,5,58.0,Fail
Female,15,3.3,53.0,76.0,2,1,Graduate,Yes,No,7.2,4,64.0,Pass
Male,15,4.5,88.0,66.0,0,0,School,Yes,Yes,7.4,2,70.0,Pass
Female,16,3.4,55.0,71.0,5,0,Postgraduate,Yes,Yes,5.2,5,61.0,Pass
Female,15,0.6,100.0,63.0,4,0,School,Yes,No,7.7,4,49.0,Fail
Female,15,2.8,84.0,52.0,3,0,Graduate,No,Yes,7.3,1,58.0,Fail
Male,16,4.1,94.0,58.0,10,0,Postgraduate,No,Yes,6.9,1,74.0,Pass
Female,16,0.2,71.0,62.0,3,1,School,No,No,7.4,4,37.0,Fail
Male,17,1.4,63.0,61.0,0,0,Graduate,Yes,Yes,6.5,4,59.0,Fail
Female,15,4.3,85.0,34.0,9,0,Graduate,Yes,Yes,6.3,1,68.0,Pass
Male,16,3.4,82.0,56.0,8,3,Graduate,Yes,No,6.7,4,50.0,Fail
Male,17,3.6,76.0,63.0,2,0,School,No,Yes,6.5,3,65.0,Pass
Male,19,5.8,83.0,58.0,7,0,School,Yes,No,9.4,5,75.0,Pass
Female,18,3.7,100.0,58.0,4,0,School,Yes,Yes,8.0,4,64.0,Pass
Male,19,4.0,92.0,69.0,3,0,Postgraduate,Yes,No,5.9,5,68.0,Pass
Female,16,7.1,95.0,46.0,6,1,None,Yes,Yes,9.2,1,71.0,Pass
Male,17,2.7,92.0,38.0,3,1,None,Yes,No,6.5,4,45.0,Fail
Male,17,1.8,100.0,57.0,4,0,Postgraduate,Yes,No,7.0,2,69.0,Pass
Female,19,3.6,80.0,73.0,4,0,School,No,No,8.0,3,68.0,Pass
Male,19,3.7,57.0,87.0,4,0,Graduate,Yes,Yes,4.8,5,74.0,Pass
Female,19,2.2,80.0,74.0,4,0,School,Yes,Yes,6.7,5,66.0,Pass
Female,18,1.5,92.0,40.0,6,0,Graduate,Yes,No,6.4,2,47.0,Fail
Male,17,6.5,70.0,59.0,6,0,School,Yes,No,7.2,2,74.0,Pass
Male,17,3.5,80.0,66.0,5,0,School,Yes,Yes,7.4,4,64.0,Pass
Male,19,1.9,74.0,65.0,7,1,Graduate,Yes,Yes,6.9,5,54.0,Fail
Female,16,4.4,100.0,70.0,4,1,School,Yes,Yes,6.9,4,74.0,Pass
Female,16,2.8,91.0,48.0,4,0,School,Yes,No,8.2,1,58.0,Fail
Male,19,2.6,90.0,63.0,2,0,School,Yes,Yes,7.3,1,72.0,Pass
Male,16,3.8,89.0,68.0,3,0,Graduate,Yes,No,7.0,4,78.0,Pass
Male,16,1.1,82.0,74.0,2,0,School,Yes,No,7.2,4,66.0,Pass
Male,17,3.5,84.0,50.0,4,0,School,Yes,No,9.0,5,55.0,Fail
Female,16,5.9,68.0,57.0,6,0,School,Yes,No,7.2,3,70.0,Pass
Female,19,3.7,56.0,21.0,11,2,School,Yes,Yes,6.4,3,19.0,Fail
Male,19,2.4,84.0,53.0,4,0,Graduate,Yes,No,4.9,1,57.0,Fail
Female,16,2.2,86.0,54.0,7,0,School,Yes,Yes,5.4,4,49.0,Fail
Male,17,2.4,97.0,47.0,7,0,Postgraduate,Yes,Yes,6.5,5,63.0,Pass
Male,19,2.6,100.0,64.0,5,0,Graduate,Yes,Yes,6.9,1,74.0,Pass
Female,18,2.4,100.0,61.0,7,0,Graduate,Yes,Yes,6.4,3,70.0,Pass
Female,16,4.4,70.0,28.0,7,0,Graduate,Yes,No,7.4,2,54.0,Fail
Female,17,0.4,78.0,65.0,10,2,School,Yes,No,6.4,4,36.0,Fail
Male,18,4.3,88.0,48.0,7,1,Postgraduate,Yes,Yes,6.0,4,56.0,Fail
Male,18,2.4,100.0,69.0,4,2,Graduate,Yes,Yes,7.7,2,71.0,Pass
Male,15,3.6,100.0,43.0,6,0,Graduate,Yes,No,8.5,5,59.0,Fail
Male,16,1.3,95.0,62.0,5,0,School,Yes,No,5.8,1,52.0,Fail
Female,19,5.0,77.0,58.0,6,0,School,Yes,No,7.3,4,72.0,Pass
Female,16,4.9,71.0,67.0,4,0,Graduate,No,Yes,4.9,4,69.0,Pass
Male,16,4.4,91.0,64.0,5,0,School,Yes,No,5.4,1,78.0,Pass
Female,16,0.7,69.0,58.0,3,1,Graduate,Yes,Yes,6.4,4,46.0,Fail
Male,15,4.2,79.0,39.0,6,0,School,Yes,Yes,8.2,2,58.0,Fail
Female,15,3.6,81.0,40.0,2,0,Graduate,Yes,Yes,6.1,2,64.0,Pass
Male,16,0.6,100.0,53.0,5,0,School,Yes,No,6.1,1,45.0,Fail
Male,19,3.0,78.0,62.0,5,0,School,Yes,Yes,7.0,4,60.0,Pass
Female,15,3.5,53.0,53.0,1,0,None,Yes,No,7.0,5,49.0,Fail
Male,16,3.8,88.0,71.0,4,0,Graduate,No,No,6.1,3,61.0,Pass
Male,15,3.3,74.0,58.0,5,0,Graduate,No,Yes,9.2,4,65.0,Pass
Male,17,3.4,83.0,48.0,7,0,Postgraduate,Yes,No,6.7,2,57.0,Fail
Male,16,5.2,81.0,58.0,7,3,Graduate,No,No,7.1,3,56.0,Fail
Male,18,4.8,79.0,65.0,9,0,Graduate,No,No,6.6,4,69.0,Pass
Male,17,0.0,91.0,67.0,10,0,Graduate,Yes,Yes,7.5,3,59.0,Fail
Female,18,2.5,64.0,90.0,3,0,Graduate,Yes,No,8.4,4,74.0,Pass
Female,18,2.8,76.0,52.0,9,1,Postgraduate,Yes,No,8.8,1,51.0,Fail
Male,17,0.4,90.0,61.0,6,0,Graduate,Yes,Yes,6.2,3,55.0,Fail
Male,19,3.1,75.0,68.0,8,0,School,Yes,No,8.2,5,67.0,Pass
Female,17,4.9,63.0,62.0,2,0,Graduate,Yes,Yes,7.6,4,72.0,Pass
Female,19,1.4,90.0,54.0,5,0,School,Yes,No,8.1,2,53.0,Fail
Female,19,3.5,95.0,39.0,5,0,None,Yes,Yes,6.9,3,49.0,Fail
Female,17,1.6,81.0,54.0,3,0,Graduate,Yes,Yes,6.8,4,57.0,Fail
Female,18,2.0,58.0,46.0,3,0,Graduate,Yes,No,8.0,5,45.0,Fail
Male,16,5.2,90.0,36.0,5,1,School,No,Yes,8.1,5,53.0,Fail
Male,19,2.2,62.0,50.0,3,0,None,No,Yes,8.7,5,46.0,Fail
Female,18,3.7,86.0,46.0,8,0,Postgraduate,Yes,No,7.2,4,57.0,Fail
Female,19,0.2,71.0,71.0,6,0,School,Yes,No,6.9,2,55.0,Fail
Male,16,5.8,68.0,71.0,4,0,None,No,No,4.3,2,72.0,Pass
Female,18,3.9,77.0,48.0,3,0,Graduate,Yes,No,5.2,3,67.0,Pass
Male,17,2.7,80.0,58.0,10,0,Graduate,No,Yes,6.6,3,59.0,Fail
Female,15,3.9,74.0,34.0,9,0,Graduate,Yes,No,5.8,5,53.0,Fail
Female,15,0.9,89.0,55.0,2,3,Graduate,Yes,No,7.9,5,35.0,Fail
Male,17,4.8,77.0,68.0,9,0,School,Yes,No,5.6,5,59.0,Fail
Male,16,2.5,94.0,74.0,3,2,School,Yes,No,6.4,4,59.0,Fail
Male,15,2.7,85.0,51.0,2,2,Graduate,Yes,No,6.5,1,54.0,Fail
Female,17,2.3,74.0,78.0,4,0,Graduate,Yes,No,8.3,1,76.0,Pass
Female,18,2.1,72.0,39.0,2,0,School,No,No,6.3,2,49.0,Fail
Male,16,4.0,62.0,43.0,4,0,School,Yes,Yes,7.5,4,43.0,Fail
Male,19,3.4,85.0,73.0,5,3,School,Yes,No,7.2,2,62.0,Pass
Female,18,4.0,78.0,87.0,1,0,None,Yes,Yes,8.0,4,84.0,Pass
Male,17,3.0,54.0,69.0,6,0,School,Yes,Yes,7.9,5,54.0,Fail
Male,19,3.8,76.0,61.0,7,0,None,Yes,No,7.0,2,66.0,Pass
Male,17,2.4,71.0,29.0,2,1,Graduate,Yes,No,5.1,5,34.0,Fail
Female,15,6.3,100.0,32.0,3,0,School,Yes,Yes,6.7,3,68.0,Pass
Female,15,0.6,62.0,64.0,3,0,Graduate,Yes,Yes,7.0,5,57.0,Fail
Male,19,4.9,65.0,57.0,9,0,Graduate,Yes,No,7.3,1,68.0,Pass
Female,19,5.1,95.0,45.0,7,0,Graduate,Yes,No,6.2,2,59.0,Fail
Female,18,1.7,98.0,63.0,6,2,Postgraduate,No,No,8.3,5,50.0,Fail
Male,15,6.3,73.0,64.0,3,1,School,Yes,No,7.0,5,63.0,Pass
Female,16,4.5,74.0,76.0,9,0,School,Yes,Yes,6.0,3,76.0,Pass
Female,15,4.5,89.0,64.0,5,0,Graduate,Yes,Yes,6.5,1,82.0,Pass
Male,15,3.0,54.0,80.0,4,1,None,No,Yes,9.1,1,56.0,Fail
Male,16,2.7,60.0,62.0,5,0,School,Yes,No,7.7,3,55.0,Fail
Female,17,2.7,79.0,60.0,4,0,None,Yes,No,8.2,5,55.0,Fail
Female,15,3.6,100.0,78.0,9,0,Postgraduate,Yes,Yes,5.9,2,78.0,Pass
Male,19,5.1,77.0,47.0,4,0,None,Yes,No,6.2,5,60.0,Pass
Female,17,3.3,83.0,100.0,7,3,Graduate,Yes,No,6.3,3,66.0,Pass
Female,16,1.6,96.0,68.0,4,0,School,Yes,No,7.2,1,69.0,Pass
Male,17,4.2,100.0,68.0,3,0,Graduate,Yes,No,6.8,3,83.0,Pass
Female,18,4.4,75.0,70.0,2,0,School,Yes,Yes,6.5,2,80.0,Pass
Male,16,4.0,82.0,90.0,3,0,Postgraduate,No,No,6.6,2,80.0,Pass
Female,15,4.1,100.0,74.0,5,1,Graduate,Yes,Yes,6.1,4,80.0,Pass
Male,15,2.6,64.0,38.0,3,0,School,Yes,No,6.8,2,52.0,Fail
Male,19,1.6,94.0,83.0,9,0,School,Yes,No,8.2,5,76.0,Pass
Female,15,1.7,70.0,57.0,7,0,Graduate,Yes,Yes,5.3,5,49.0,Fail
Male,18,0.5,83.0,64.0,4,0,Graduate,Yes,No,7.4,4,53.0,Fail
Female,16,3.4,79.0,43.0,8,0,School,Yes,Yes,8.5,1,52.0,Fail
Male,18,2.9,71.0,70.0,6,0,School,Yes,Yes,6.8,5,58.0,Fail
Female,15,2.3,70.0,52.0,9,1,None,Yes,No,6.4,3,41.0,Fail
Female,19,0.0,85.0,64.0,3,1,School,Yes,Yes,8.0,4,54.0,Fail
Female,18,1.1,94.0,58.0,4,0,None,Yes,Yes,5.9,1,61.0,Pass
Male,17,4.7,80.0,91.0,5,0,None,Yes,Yes,7.0,4,82.0,Pass
Male,16,2.0,83.0,92.0,3,0,School,Yes,Yes,5.9,2,77.0,Pass
Female,19,3.5,89.0,63.0,6,0,Postgraduate,Yes,No,4.9,4,66.0,Pass
Female,16,0.9,70.0,63.0,7,0,Graduate,No,Yes,6.8,2,49.0,Fail
Female,17,5.2,91.0,56.0,3,2,Graduate,Yes,Yes,5.6,5,64.0,Pass
Male,16,2.8,92.0,79.0,6,3,Graduate,No,Yes,7.0,4,58.0,Fail
Female,16,3.4,100.0,57.0,3,0,Graduate,Yes,No,8.2,3,71.0,Pass
Male,17,6.5,77.0,56.0,3,1,School,Yes,No,9.0,3,72.0,Pass
Male,15,5.3,77.0,77.0,4,0,Graduate,Yes,Yes,7.1,1,88.0,Pass
Female,15,2.5,91.0,54.0,6,0,School,Yes,Yes,8.1,2,64.0,Pass
Male,16,2.1,92.0,61.0,2,0,Graduate,Yes,No,7.4,4,61.0,Pass
Female,15,2.5,76.0,38.0,2,0,Postgraduate,Yes,Yes,6.6,5,55.0,Fail
Male,17,3.8,77.0,73.0,9,0,Postgraduate,Yes,No,4.9,5,69.0,Pass
Male,19,2.8,88.0,91.0,2,3,School,No,No,8.8,1,63.0,Pass
Male,15,2.4,72.0,73.0,3,0,Graduate,Yes,Yes,5.8,2,69.0,Pass
Female,15,5.2,77.0,84.0,9,0,School,Yes,No,8.5,4,83.0,Pass
Female,15,2.8,83.0,49.0,10,0,None,Yes,Yes,7.6,2,58.0,Fail
Female,17,6.4,94.0,66.0,6,2,None,Yes,Yes,5.9,2,64.0,Pass
Female,16,3.1,75.0,48.0,7,0,School,No,No,7.3,2,58.0,Fail
Female,17,5.7,60.0,59.0,5,2,Graduate,Yes,No,9.3,5,59.0,Fail
Female,15,3.5,59.0,74.0,10,1,School,No,No,8.7,5,53.0,Fail
Female,16,4.4,67.0,64.0,6,0,None,Yes,Yes,6.4,1,64.0,Pass
Male,17,1.9,66.0,41.0,5,0,Postgraduate,Yes,Yes,6.2,5,41.0,Fail
Male,17,1.7,80.0,42.0,3,0,Graduate,Yes,No,7.1,3,41.0,Fail
Male,17,3.7,68.0,41.0,7,1,School,Yes,No,6.8,5,46.0,Fail
Male,18,4.5,74.0,69.0,8,0,Graduate,Yes,Yes,8.3,4,82.0,Pass
Female,17,3.1,73.0,93.0,3,0,Graduate,Yes,No,7.8,4,75.0,Pass
Male,19,1.1,77.0,82.0,2,0,School,Yes,Yes,5.1,3,61.0,Pass
Male,17,1.0,98.0,34.0,13,0,Graduate,No,Yes,7.5,4,42.0,Fail
Female,16,0.9,90.0,83.0,2,1,Postgraduate,Yes,Yes,6.8,5,67.0,Pass
Female,16,0.3,82.0,76.0,3,1,School,Yes,No,7.0,3,59.0,Fail
Female,16,3.2,76.0,39.0,4,0,Graduate,Yes,No,7.3,1,54.0,Fail
Male,17,4.7,77.0,57.0,4,0,None,Yes,Yes,8.3,1,67.0,Pass
Male,16,3.0,86.0,78.0,4,0,Postgraduate,No,Yes,8.1,3,76.0,Pass
Female,19,0.0,89.0,70.0,2,1,School,Yes,Yes,6.2,3,42.0,Fail
Male,17,2.7,71.0,42.0,2,0,School,Yes,Yes,6.9,5,44.0,Fail
Male,19,2.8,82.0,71.0,5,1,Postgraduate,Yes,Yes,6.5,1,72.0,Pass
Male,18,6.1,58.0,30.0,3,0,Graduate,Yes,No,5.1,5,57.0,Fail
Female,16,0.8,85.0,59.0,7,0,School,Yes,Yes,6.9,1,61.0,Pass
Female,16,2.4,91.0,79.0,4,2,School,Yes,Yes,9.0,3,66.0,Pass
Female,18,5.6,79.0,62.0,3,0,School,Yes,No,5.1,3,61.0,Pass
Female,16,3.7,100.0,55.0,1,0,Postgraduate,Yes,No,7.0,3,69.0,Pass
Female,16,3.8,71.0,75.0,5,0,School,Yes,Yes,6.9,1,80.0,Pass
Male,19,3.2,85.0,77.0,6,0,School,Yes,Yes,7.3,4,80.0,Pass
Female,17,3.5,82.0,82.0,7,2,Graduate,Yes,No,5.9,1,72.0,Pass
Male,15,4.2,81.0,75.0,5,2,School,Yes,Yes,5.4,4,61.0,Pass
Male,17,1.8,81.0,78.0,7,1,None,Yes,No,5.5,3,50.0,Fail
Female,17,4.3,83.0,73.0,1,0,Postgraduate,No,Yes,8.5,5,79.0,Pass
Male,19,0.9,92.0,66.0,3,0,None,Yes,No,5.9,5,55.0,Fail
Male,18,3.5,99.0,63.0,3,2,Postgraduate,Yes,Yes,6.5,5,69.0,Pass
Male,15,3.3,82.0,58.0,8,0,Graduate,Yes,No,9.3,3,65.0,Pass
Female,15,2.1,92.0,44.0,4,3,None,Yes,Yes,6.2,3,34.0,Fail
Male,18,3.0,74.0,48.0,8,0,Graduate,Yes,Yes,7.4,4,55.0,Fail
Male,15,2.1,91.0,58.0,5,0,Graduate,Yes,No,8.2,4,63.0,Pass
Female,16,1.4,73.0,66.0,5,0,Graduate,Yes,No,8.1,4,62.0,Pass
Male,15,2.5,95.0,84.0,6,0,Graduate,Yes,No,5.5,3,72.0,Pass
Female,15,1.3,100.0,61.0,9,0,None,Yes,No,6.2,3,49.0,Fail
Female,19,3.5,81.0,77.0,7,0,None,Yes,Yes,7.3,1,80.0,Pass
Female,15,1.3,56.0,78.0,2,0,Graduate,Yes,Yes,9.1,1,59.0,Fail
Male,15,4.1,75.0,59.0,4,0,School,Yes,Yes,6.2,5,71.0,Pass
Male,19,1.2,97.0,71.0,5,0,School,No,No,6.5,5,50.0,Fail
Male,15,2.2,89.0,58.0,3,0,Graduate,Yes,No,7.5,4,59.0,Fail
Female,19,2.1,85.0,82.0,4,1,School,Yes,No,7.7,2,72.0,Pass
Male,15,5.0,94.0,72.0,6,0,Graduate,No,Yes,7.7,1,82.0,Pass
Male,15,3.5,88.0,44.0,4,2,Graduate,Yes,No,6.1,1,42.0,Fail
Male,15,2.7,97.0,64.0,4,2,Graduate,Yes,No,6.4,4,58.0,Fail
Female,18,3.7,93.0,87.0,7,0,None,Yes,No,7.2,4,79.0,Pass
Male,18,0.0,100.0,59.0,4,0,School,Yes,No,8.4,2,55.0,Fail
Female,17,2.9,86.0,69.0,4,1,Graduate,Yes,No,6.7,1,63.0,Pass
Male,16,6.0,93.0,70.0,2,0,School,Yes,Yes,7.0,1,87.0,Pass
Male,15,3.2,78.0,46.0,4,1,Graduate,Yes,Yes,5.9,4,47.0,Fail
Male,17,3.1,75.0,70.0,8,0,Graduate,No,No,9.0,4,75.0,Pass
Female,16,3.8,100.0,41.0,10,0,School,Yes,No,7.2,2,56.0,Fail
Male,17,4.3,85.0,53.0,5,0,School,Yes,No,8.2,4,63.0,Pass
Male,18,0.0,92.0,78.0,4,0,Graduate,Yes,No,7.0,5,60.0,Pass
Female,19,0.5,83.0,67.0,4,2,School,Yes,No,7.1,3,53.0,Fail
Female,17,3.3,75.0,57.0,3,0,Postgraduate,Yes,No,5.3,2,56.0,Fail
Female,15,1.9,82.0,69.0,7,2,Graduate,Yes,No,4.6,1,51.0,Fail
Female,16,5.0,99.0,61.0,5,0,School,Yes,Yes,8.4,4,75.0,Pass
Male,19,2.5,89.0,62.0,5,1,Graduate,No,Yes,7.1,3,51.0,Fail
Female,17,0.1,61.0,72.0,7,2,School,Yes,Yes,7.2,2,38.0,Fail
Male,18,1.1,79.0,51.0,5,0,School,Yes,No,5.6,1,49.0,Fail
Female,17,0.0,100.0,63.0,3,0,Postgraduate,Yes,Yes,6.0,5,54.0,Fail
Female,15,2.6,79.0,57.0,6,1,Graduate,Yes,Yes,8.2,5,56.0,Fail
Female,19,2.7,60.0,38.0,2,1,Graduate,Yes,Yes,8.9,3,52.0,Fail
Female,18,2.4,100.0,48.0,7,0,Graduate,Yes,Yes,6.3,2,59.0,Fail
Female,19,4.6,90.0,86.0,7,0,Graduate,Yes,Yes,7.7,4,80.0,Pass
Female,19,4.8,81.0,68.0,5,1,School,Yes,No,7.2,5,63.0,Pass
Female,16,2.7,78.0,42.0,5,0,School,No,Yes,6.9,3,47.0,Fail
Male,16,0.0,95.0,39.0,1,0,School,Yes,Yes,9.0,1,46.0,Fail
Male,16,3.9,75.0,60.0,6,0,School,Yes,Yes,6.5,1,66.0,Pass
Male,19,3.8,96.0,85.0,6,0,School,Yes,No,8.4,1,86.0,Pass
Female,17,3.5,89.0,59.0,9,1,Graduate,Yes,No,7.4,3,67.0,Pass
Male,17,4.5,85.0,82.0,4,0,School,No,No,7.0,3,79.0,Pass
Male,19,1.3,84.0,67.0,3,2,Graduate,Yes,Yes,8.5,3,49.0,Fail
Male,18,6.0,80.0,69.0,3,0,Graduate,Yes,No,7.3,4,87.0,Pass
Female,19,1.6,95.0,42.0,2,0,Postgraduate,No,Yes,6.9,1,60.0,Pass
Female,19,4.1,72.0,76.0,8,0,School,Yes,No,8.5,5,72.0,Pass
Female,15,0.5,63.0,57.0,4,0,Postgraduate,Yes,No,8.4,2,51.0,Fail
Male,16,1.6,89.0,75.0,6,1,Graduate,Yes,No,8.3,3,66.0,Pass
Male,18,5.3,90.0,50.0,6,0,None,Yes,No,4.0,2,61.0,Pass
Male,19,2.6,88.0,65.0,2,1,School,Yes,No,7.5,2,53.0,Fail
Male,15,4.3,87.0,67.0,5,0,School,No,No,7.2,5,71.0,Pass
Male,16,3.4,78.0,60.0,5,0,Graduate,Yes,No,7.0,1,70.0,Pass
Female,17,2.8,91.0,68.0,3,0,Graduate,Yes,No,7.7,3,78.0,Pass
Female,18,5.0,81.0,58.0,5,1,Graduate,Yes,No,7.3,3,62.0,Pass
Female,15,2.6,76.0,52.0,6,0,Graduate,Yes,Yes,7.7,3,59.0,Fail
Male,18,0.3,78.0,86.0,7,0,School,Yes,No,6.7,2,64.0,Pass
Male,16,1.8,100.0,78.0,5,0,School,Yes,Yes,8.6,2,75.0,Pass
Female,16,3.8,61.0,51.0,4,0,Postgraduate,Yes,Yes,7.9,5,61.0,Pass
Male,17,3.6,88.0,71.0,6,0,Postgraduate,Yes,Yes,7.6,2,78.0,Pass
Male,17,0.6,62.0,51.0,8,0,Graduate,Yes,Yes,7.5,3,45.0,Fail
Male,18,1.9,81.0,44.0,1,3,School,Yes,No,8.3,2,40.0,Fail
Female,16,2.1,77.0,78.0,4,0,School,Yes,Yes,8.1,4,75.0,Pass
Female,19,2.5,57.0,36.0,5,0,School,Yes,No,6.9,5,36.0,Fail
Male,15,0.9,87.0,76.0,8,0,School,Yes,Yes,8.1,5,62.0,Pass
Female,19,2.1,77.0,58.0,5,1,School,No,Yes,7.2,1,49.0,Fail
Female,15,1.9,57.0,59.0,4,0,Postgraduate,Yes,Yes,9.1,1,57.0,Fail
Female,18,4.2,92.0,68.0,3,0,Graduate,Yes,No,8.2,2,72.0,Pass
Female,16,4.2,99.0,71.0,5,1,School,Yes,No,6.3,3,70.0,Pass
Male,16,2.8,100.0,50.0,2,0,School,Yes,Yes,9.6,1,68.0,Pass
Female,15,2.4,86.0,73.0,4,0,School,No,No,4.7,5,60.0,Pass
Male,18,3.2,83.0,64.0,6,0,School,Yes,No,7.7,5,64.0,Pass
Female,15,1.8,98.0,43.0,3,0,Graduate,Yes,No,6.2,3,55.0,Fail
Female,18,1.3,100.0,59.0,1,2,School,Yes,Yes,9.1,4,58.0,Fail
Female,18,1.6,96.0,83.0,6,1,Graduate,Yes,No,7.3,3,66.0,Pass
Female,19,2.0,71.0,87.0,6,1,School,No,No,6.1,4,54.0,Fail
Female,18,1.3,84.0,73.0,7,1,School,No,No,6.7,5,51.0,Fail
Female,16,3.2,87.0,44.0,1,1,Postgraduate,Yes,Yes,6.2,1,66.0,Pass
Female,18,4.1,60.0,69.0,3,0,School,Yes,No,6.7,2,63.0,Pass
Female,19,0.6,88.0,75.0,5,0,School,Yes,Yes,6.6,3,65.0,Pass
Male,16,3.0,100.0,73.0,5,0,Graduate,Yes,No,6.2,5,77.0,Pass
Female,15,2.7,90.0,74.0,12,2,School,No,No,7.3,3,42.0,Fail
Female,19,3.5,100.0,67.0,8,2,School,Yes,Yes,7.4,2,63.0,Pass
Male,15,3.0,84.0,61.0,7,1,None,No,Yes,5.9,1,56.0,Fail
Female,17,0.8,81.0,53.0,3,0,None,Yes,No,5.2,3,44.0,Fail
Female,16,1.1,87.0,34.0,3,0,Graduate,Yes,No,7.3,2,42.0,Fail
Female,15,3.0,72.0,67.0,6,1,School,Yes,Yes,7.6,2,58.0,Fail
Female,18,4.5,70.0,65.0,4,0,Graduate,Yes,No,7.8,5,69.0,Pass
Male,15,0.0,97.0,70.0,5,0,Postgraduate,Yes,Yes,7.6,3,62.0,Pass
Female,18,3.5,98.0,42.0,6,0,School,Yes,No,8.7,1,58.0,Fail
Male,18,4.8,70.0,72.0,6,0,School,Yes,Yes,8.1,1,76.0,Pass
Female,15,2.8,94.0,93.0,8,0,School,Yes,No,9.9,2,88.0,Pass
Female,15,3.8,81.0,63.0,6,2,School,Yes,No,10.0,1,53.0,Fail
Male,18,1.9,86.0,61.0,7,1,School,No,Yes,5.1,3,40.0,Fail
Male,17,2.8,88.0,67.0,5,0,Graduate,Yes,No,4.6,3,70.0,Pass
Male,15,0.6,94.0,92.0,4,0,School,Yes,Yes,7.0,5,71.0,Pass
Male,19,0.0,83.0,47.0,4,2,Graduate,Yes,Yes,7.6,2,35.0,Fail
Male,16,4.4,99.0,65.0,6,0,Graduate,Yes,No,6.9,2,76.0,Pass
Male,15,1.5,86.0,50.0,6,0,Graduate,No,No,7.8,4,51.0,Fail
Male,19,2.3,89.0,54.0,5,0,School,Yes,Yes,6.7,4,55.0,Fail
Male,15,0.9,72.0,61.0,4,0,School,Yes,Yes,6.2,1,56.0,Fail
Female,17,0.9,100.0,82.0,3,0,Postgraduate,Yes,Yes,6.4,1,72.0,Pass
Male,19,2.7,88.0,89.0,6,1,School,Yes,Yes,6.8,1,73.0,Pass
Male,17,1.9,91.0,69.0,4,0,Graduate,Yes,No,7.9,4,57.0,Fail
Male,17,3.6,63.0,56.0,9,0,Graduate,Yes,Yes,6.5,2,64.0,Pass
Female,16,3.7,72.0,99.0,5,0,Graduate,Yes,No,6.7,5,83.0,Pass
Male,15,3.5,97.0,56.0,5,3,School,No,Yes,7.6,3,51.0,Fail
Female,17,3.4,85.0,53.0,1,0,School,Yes,Yes,6.8,5,64.0,Pass
Male,19,5.4,59.0,35.0,5,0,Graduate,Yes,No,8.2,2,60.0,Pass
Male,15,1.4,94.0,83.0,4,0,Graduate,Yes,No,6.0,3,71.0,Pass
Male,19,2.9,75.0,77.0,6,3,Graduate,Yes,Yes,5.7,1,57.0,Fail
Male,17,4.7,99.0,98.0,8,2,Graduate,Yes,Yes,7.3,5,78.0,Pass
Female,17,4.9,81.0,41.0,6,0,Postgraduate,Yes,Yes,7.4,3,59.0,Fail
Male,15,0.9,84.0,84.0,4,0,Postgraduate,Yes,No,6.0,1,71.0,Pass
Male,18,2.5,96.0,63.0,4,0,Graduate,Yes,Yes,8.5,4,66.0,Pass
Female,15,5.0,71.0,74.0,5,1,None,Yes,Yes,9.1,5,76.0,Pass
Female,16,3.8,70.0,37.0,7,1,School,Yes,No,6.3,4,43.0,Fail
Female,18,3.3,80.0,84.0,5,3,Graduate,Yes,No,8.6,5,58.0,Fail
Female,15,2.7,92.0,74.0,6,0,Graduate,Yes,No,4.4,2,67.0,Pass
Female,17,2.4,66.0,61.0,5,0,School,No,Yes,8.2,3,57.0,Fail
Male,17,3.4,62.0,72.0,4,0,Graduate,Yes,No,6.1,5,65.0,Pass
Female,15,2.6,92.0,51.0,6,1,School,Yes,Yes,8.1,4,55.0,Fail
Male,16,2.9,75.0,53.0,6,0,School,Yes,No,5.9,4,53.0,Fail
Male,16,3.1,77.0,55.0,4,0,Graduate,Yes,Yes,6.9,4,55.0,Fail
Female,18,2.0,60.0,34.0,3,1,School,Yes,No,6.1,4,22.0,Fail
Female,19,3.8,74.0,75.0,2,0,Graduate,Yes,Yes,6.8,1,76.0,Pass
Female,19,7.4,82.0,80.0,7,1,Graduate,Yes,Yes,9.0,2,93.0,Pass
Male,15,0.3,93.0,51.0,3,0,Graduate,Yes,No,6.9,4,48.0,Fail
Female,15,3.5,73.0,67.0,6,0,School,Yes,Yes,9.3,2,74.0,Pass
Male,15,1.9,100.0,58.0,4,0,Graduate,Yes,No,6.6,4,61.0,Pass
Female,17,3.9,74.0,67.0,8,0,School,Yes,No,8.6,3,74.0,Pass
Female,15,3.1,74.0,53.0,8,1,Graduate,Yes,No,5.2,4,53.0,Fail
Female,16,4.1,100.0,49.0,5,0,School,No,Yes,6.7,2,68.0,Pass
Female,19,4.8,85.0,78.0,5,0,Postgraduate,Yes,No,6.4,2,78.0,Pass
Female,19,3.3,75.0,61.0,0,0,Graduate,No,Yes,8.7,4,66.0,Pass
Male,19,4.7,80.0,92.0,4,0,School,Yes,Yes,7.2,1,95.0,Pass
Male,16,0.0,98.0,63.0,4,3,School,Yes,Yes,4.7,2,38.0,Fail
Male,18,5.4,100.0,48.0,6,1,School,Yes,Yes,5.6,5,63.0,Pass
Female,18,3.6,72.0,80.0,7,0,Graduate,Yes,Yes,5.9,1,69.0,Pass
Male,15,4.6,81.0,71.0,4,0,Graduate,Yes,Yes,8.0,3,88.0,Pass
Male,17,1.2,83.0,73.0,5,0,Graduate,Yes,Yes,7.9,1,64.0,Pass
Female,17,1.8,70.0,80.0,4,0,Postgraduate,Yes,Yes,6.7,4,60.0,Pass
Female,16,3.2,81.0,52.0,3,0,School,Yes,Yes,6.4,1,60.0,Pass
Female,18,3.0,82.0,60.0,14,0,Graduate,No,No,7.8,3,46.0,Fail
Female,18,3.4,96.0,59.0,5,0,School,Yes,Yes,5.8,3,61.0,Pass
Female,17,4.6,96.0,43.0,3,1,Graduate,No,No,7.5,4,69.0,Pass
Male,18,0.4,78.0,58.0,4,0,School,Yes,No,7.4,1,50.0,Fail
Female,18,4.5,79.0,82.0,10,1,Graduate,Yes,Yes,6.7,3,67.0,Pass
Female,17,3.0,90.0,66.0,5,2,None,Yes,No,7.4,3,55.0,Fail
Female,16,2.7,75.0,42.0,5,0,School,Yes,Yes,7.1,2,47.0,Fail
Male,18,0.8,89.0,39.0,7,0,School,Yes,Yes,7.5,2,48.0,Fail
Female,18,3.8,81.0,87.0,5,1,Postgraduate,Yes,No,5.5,4,71.0,Pass
Female,19,0.0,70.0,61.0,9,0,Graduate,Yes,Yes,7.7,3,50.0,Fail
Female,15,4.0,71.0,52.0,10,0,School,Yes,Yes,8.1,3,54.0,Fail
Male,17,0.8,99.0,58.0,5,0,School,No,Yes,7.4,5,65.0,Pass
Female,19,3.1,80.0,40.0,4,1,School,Yes,Yes,7.7,3,51.0,Fail
Female,17,2.8,100.0,83.0,3,1,Postgraduate,Yes,Yes,6.9,5,76.0,Pass
Female,19,4.8,76.0,56.0,5,1,Postgraduate,Yes,No,8.0,5,63.0,Pass
Male,15,2.7,85.0,83.0,5,0,Graduate,Yes,Yes,7.1,3,75.0,Pass
Female,15,2.0,100.0,63.0,2,0,Graduate,Yes,No,5.7,2,62.0,Pass
Female,18,2.2,69.0,83.0,4,1,School,Yes,Yes,7.9,3,62.0,Pass
Male,16,4.9,59.0,66.0,5,1,School,Yes,No,5.2,1,69.0,Pass
Female,17,3.8,97.0,75.0,3,0,Graduate,Yes,No,7.3,4,77.0,Pass
Male,17,2.4,72.0,73.0,7,3,Graduate,Yes,No,6.6,2,39.0,Fail
Female,17,2.6,82.0,71.0,8,1,School,Yes,No,6.5,5,51.0,Fail
Male,19,0.6,75.0,67.0,10,0,Graduate,Yes,Yes,7.2,4,58.0,Fail
Female,15,3.6,85.0,59.0,4,0,School,No,No,6.2,3,60.0,Pass
Female,18,0.4,71.0,91.0,4,0,School,Yes,Yes,7.6,1,69.0,Pass
Female,19,4.1,80.0,48.0,4,1,School,Yes,No,7.1,1,62.0,Pass
Female,18,3.2,87.0,62.0,8,0,Graduate,Yes,No,6.3,4,60.0,Pass
Female,16,6.6,70.0,62.0,4,0,Graduate,Yes,No,8.5,4,81.0,Pass
Male,15,1.3,74.0,68.0,8,0,Graduate,Yes,Yes,7.2,2,57.0,Fail
Male,18,2.8,78.0,56.0,6,1,Graduate,Yes,No,7.7,1,59.0,Fail
Female,17,5.7,65.0,67.0,3,1,Graduate,Yes,No,8.6,2,71.0,Pass
Female,15,4.8,77.0,59.0,8,1,School,Yes,No,8.5,4,60.0,Pass
Male,16,2.0,83.0,38.0,6,0,Graduate,Yes,No,7.6,3,52.0,Fail
Male,19,3.3,77.0,62.0,2,0,School,Yes,No,6.7,1,70.0,Pass
Female,16,3.0,79.0,45.0,5,0,Graduate,Yes,No,5.4,1,53.0,Fail
Female,15,3.4,82.0,36.0,6,0,School,Yes,No,7.2,1,50.0,Fail
Male,18,2.0,74.0,64.0,8,0,School,No,Yes,8.2,4,63.0,Pass
Male,15,2.9,90.0,69.0,5,3,Graduate,Yes,No,7.4,4,56.0,Fail
Male,19,0.6,99.0,70.0,6,0,None,Yes,Yes,4.0,3,54.0,Fail
Female,19,3.2,76.0,71.0,5,0,School,Yes,No,8.0,4,65.0,Pass
Male,19,3.7,88.0,33.0,3,0,Graduate,Yes,Yes,8.0,1,63.0,Pass
Female,19,2.7,79.0,42.0,3,1,Graduate,Yes,Yes,6.7,3,49.0,Fail
Male,16,0.6,86.0,92.0,8,0,None,Yes,Yes,8.1,2,70.0,Pass
Male,16,4.5,100.0,46.0,7,0,School,Yes,Yes,7.7,5,64.0,Pass
Female,16,3.5,88.0,71.0,5,0,School,Yes,Yes,6.2,3,73.0,Pass
Female,17,1.9,61.0,52.0,7,0,Graduate,Yes,Yes,8.4,5,50.0,Fail
Female,19,2.6,87.0,63.0,3,0,Postgraduate,Yes,Yes,5.6,3,72.0,Pass
Female,18,0.7,97.0,53.0,6,0,School,Yes,Yes,6.9,3,58.0,Fail
Female,18,1.5,79.0,70.0,4,1,Graduate,Yes,No,6.8,5,58.0,Fail
Female,19,2.2,94.0,64.0,6,0,Graduate,Yes,Yes,6.1,5,69.0,Pass
Female,18,4.8,74.0,55.0,6,0,Postgraduate,Yes,No,7.3,3,68.0,Pass
Male,16,2.0,64.0,46.0,6,0,School,Yes,Yes,8.4,2,52.0,Fail
Male,17,4.0,84.0,66.0,2,0,Graduate,Yes,Yes,8.4,4,80.0,Pass
Female,17,2.2,61.0,44.0,7,0,Graduate,Yes,Yes,7.8,1,54.0,Fail
Male,15,3.4,79.0,68.0,3,0,School,No,Yes,5.1,2,69.0,Pass
Female,18,2.8,97.0,100.0,5,3,None,Yes,No,5.5,5,67.0,Pass
Female,18,4.3,59.0,82.0,6,3,None,Yes,No,7.2,5,63.0,Pass
Male,18,2.2,67.0,73.0,1,0,School,No,Yes,7.0,3,61.0,Pass
Female,17,0.6,70.0,61.0,7,0,Graduate,Yes,No,6.5,2,50.0,Fail
Male,18,0.9,81.0,33.0,5,1,Graduate,Yes,Yes,9.1,5,34.0,Fail
Female,19,2.2,78.0,42.0,5,2,School,Yes,No,7.1,2,36.0,Fail
Male,17,1.1,99.0,81.0,6,0,Postgraduate,No,Yes,7.6,1,65.0,Pass
Male,17,3.6,93.0,50.0,5,0,School,Yes,Yes,8.1,1,72.0,Pass
Female,15,2.3,88.0,52.0,5,0,Postgraduate,Yes,Yes,7.1,1,58.0,Fail
Female,18,6.6,84.0,60.0,5,3,School,No,Yes,9.9,5,60.0,Pass
Male,19,0.4,87.0,46.0,10,0,Graduate,Yes,No,6.0,1,37.0,Fail
Female,18,3.3,72.0,44.0,7,0,Postgraduate,No,No,6.3,2,55.0,Fail
Female,19,1.3,92.0,61.0,5,0,Graduate,Yes,No,6.0,4,54.0,Fail
Male,19,2.3,69.0,49.0,7,0,Graduate,No,No,8.7,4,44.0,Fail
Female,18,3.2,92.0,51.0,2,1,School,Yes,Yes,7.9,5,58.0,Fail
Female,17,0.0,96.0,50.0,5,0,Graduate,Yes,No,6.4,5,43.0,Fail
Male,15,3.4,85.0,70.0,6,2,Graduate,No,No,6.0,3,53.0,Fail
Female,15,5.9,80.0,59.0,3,1,School,Yes,No,8.5,2,72.0,Pass
Female,16,2.3,87.0,59.0,4,0,Postgraduate,Yes,Yes,7.4,1,71.0,Pass
Female,17,3.4,48.0,71.0,6,1,School,Yes,No,8.6,5,52.0,Fail
Female,18,4.5,86.0,60.0,9,1,School,No,No,6.9,2,55.0,Fail
Female,17,2.8,81.0,58.0,3,0,Postgraduate,Yes,Yes,7.6,5,65.0,Pass
Male,15,2.1,81.0,69.0,4,0,School,No,No,7.3,2,65.0,Pass
Female,16,0.0,90.0,72.0,2,1,School,Yes,No,6.3,4,59.0,Fail
Male,19,4.0,81.0,60.0,8,0,School,Yes,No,6.8,4,58.0,Fail
Female,19,2.8,68.0,63.0,8,0,Graduate,Yes,No,5.7,4,55.0,Fail
Male,16,1.5,80.0,50.0,2,0,Postgraduate,No,Yes,7.5,4,59.0,Fail
Male,19,3.2,83.0,49.0,7,0,School,Yes,No,7.8,2,67.0,Pass
Male,18,2.1,83.0,74.0,7,0,Graduate,Yes,No,8.1,1,65.0,Pass
Female,19,2.2,84.0,69.0,5,0,Graduate,Yes,Yes,7.7,1,66.0,Pass
Male,19,3.9,94.0,69.0,6,0,Graduate,No,No,6.9,3,74.0,Pass
Male,18,1.0,69.0,66.0,4,0,Graduate,Yes,Yes,8.7,5,55.0,Fail
Female,16,4.6,84.0,63.0,3,1,Postgraduate,Yes,No,8.0,4,67.0,Pass
Female,18,0.9,97.0,72.0,1,0,School,Yes,Yes,8.5,4,68.0,Pass
Male,16,2.0,61.0,76.0,11,2,School,Yes,Yes,8.6,2,58.0,Fail
Female,16,5.9,84.0,76.0,5,2,Graduate,Yes,Yes,6.9,3,69.0,Pass
Male,18,4.7,75.0,60.0,6,0,School,Yes,Yes,7.4,3,75.0,Pass
Male,17,3.1,78.0,83.0,8,0,School,Yes,No,7.9,1,73.0,Pass
Female,17,1.6,71.0,65.0,4,0,None,Yes,Yes,5.7,4,55.0,Fail
Male,16,2.2,80.0,71.0,1,1,School,Yes,No,5.8,2,67.0,Pass
Female,17,3.1,100.0,66.0,5,0,Postgraduate,Yes,Yes,5.6,3,74.0,Pass
Female,15,3.1,67.0,66.0,4,0,None,Yes,Yes,6.9,3,61.0,Pass
Female,18,2.9,68.0,51.0,6,0,Graduate,Yes,No,6.6,1,59.0,Fail
Male,17,3.0,66.0,73.0,6,0,Graduate,Yes,Yes,5.4,5,63.0,Pass
Female,19,2.7,100.0,100.0,4,1,None,Yes,Yes,7.2,2,85.0,Pass
Female,17,0.8,76.0,56.0,4,1,School,Yes,No,6.9,4,42.0,Fail
Male,17,2.2,82.0,63.0,6,0,School,Yes,Yes,8.3,4,65.0,Pass
Male,15,4.4,77.0,55.0,6,0,Graduate,Yes,No,9.2,1,62.0,Pass
Male,15,0.9,71.0,55.0,4,0,School,Yes,No,7.5,2,46.0,Fail
Female,16,2.7,79.0,85.0,2,0,Graduate,Yes,No,6.2,3,70.0,Pass
Female,16,1.8,100.0,52.0,3,0,School,Yes,Yes,7.7,5,58.0,Fail
Male,16,3.2,99.0,55.0,5,0,None,Yes,Yes,7.0,4,55.0,Fail
Female,16,2.4,72.0,38.0,5,1,None,Yes,No,6.7,3,34.0,Fail
Female,18,5.2,90.0,51.0,7,0,School,Yes,No,6.1,5,59.0,Fail
Female,15,3.8,72.0,36.0,6,1,School,Yes,No,6.5,3,50.0,Fail
Male,16,1.0,61.0,71.0,7,0,Postgraduate,Yes,Yes,6.8,5,52.0,Fail
Male,15,4.0,94.0,100.0,5,0,None,Yes,No,7.9,4,84.0,Pass
Male,16,1.8,96.0,56.0,2,0,Graduate,Yes,No,7.6,1,65.0,Pass
Female,18,2.1,95.0,37.0,3,0,Graduate,Yes,No,9.0,2,61.0,Pass
Female,15,3.5,76.0,75.0,3,0,Graduate,Yes,No,7.7,1,76.0,Pass
Female,16,2.3,80.0,51.0,2,3,Graduate,Yes,Yes,7.5,2,43.0,Fail
Male,15,4.3,91.0,81.0,4,1,None,Yes,Yes,6.7,1,82.0,Pass
Male,19,1.8,87.0,58.0,2,1,Graduate,Yes,Yes,5.9,1,60.0,Pass
Male,18,2.1,77.0,53.0,3,0,School,Yes,No,6.4,1,57.0,Fail
Female,16,2.0,63.0,59.0,2,0,Graduate,Yes,No,6.2,4,52.0,Fail
Male,15,2.2,83.0,73.0,1,0,School,Yes,Yes,4.2,3,67.0,Pass
Female,15,4.6,95.0,59.0,2,2,Graduate,Yes,Yes,5.9,3,57.0,Fail
Female,17,3.9,68.0,55.0,8,1,Graduate,Yes,Yes,8.8,4,53.0,Fail
Male,18,5.6,90.0,59.0,5,0,Graduate,Yes,Yes,7.4,5,83.0,Pass
Male,17,6.4,86.0,43.0,5,3,School,Yes,Yes,6.6,3,58.0,Fail
Male,19,1.5,91.0,68.0,8,0,Graduate,Yes,No,7.4,3,65.0,Pass
Female,16,3.1,92.0,35.0,5,0,Graduate,Yes,No,4.9,4,40.0,Fail
Female,16,1.2,74.0,55.0,3,0,Graduate,No,Yes,7.3,3,47.0,Fail
Male,17,1.8,63.0,73.0,4,0,School,Yes,Yes,8.4,3,60.0,Pass
Male,16,2.1,76.0,67.0,5,2,School,Yes,Yes,6.9,2,51.0,Fail
Female,19,1.4,93.0,71.0,8,1,School,Yes,Yes,5.1,1,51.0,Fail
Male,15,1.4,75.0,61.0,5,0,Graduate,No,Yes,6.5,1,54.0,Fail
Male,17,2.8,74.0,80.0,10,0,School,Yes,Yes,8.4,4,77.0,Pass
Male,17,1.2,60.0,76.0,3,0,Graduate,Yes,Yes,7.3,5,63.0,Pass
Male,15,4.3,100.0,69.0,3,0,Graduate,Yes,Yes,5.4,3,79.0,Pass
Male,17,1.6,92.0,76.0,6,0,Graduate,Yes,No,9.6,1,67.0,Pass
Female,17,7.2,91.0,73.0,11,0,Graduate,Yes,Yes,5.6,4,78.0,Pass
Female,16,2.3,94.0,55.0,6,0,Graduate,No,Yes,6.7,5,51.0,Fail
Female,15,3.1,89.0,42.0,4,0,Graduate,No,Yes,5.9,3,46.0,Fail
Female,15,1.1,79.0,68.0,5,0,School,No,Yes,5.9,1,57.0,Fail
Female,15,5.6,80.0,70.0,8,2,Graduate,Yes,No,6.5,1,69.0,Pass
Male,17,4.7,77.0,78.0,3,0,Postgraduate,Yes,Yes,7.7,3,81.0,Pass
Male,15,3.4,100.0,48.0,5,0,School,Yes,Yes,8.4,5,63.0,Pass
Female,19,1.0,89.0,48.0,4,0,Postgraduate,Yes,No,6.6,1,60.0,Pass
Male,16,3.3,76.0,69.0,4,0,Postgraduate,Yes,Yes,5.9,4,79.0,Pass
Female,18,1.3,88.0,61.0,3,0,Graduate,Yes,Yes,7.5,4,64.0,Pass
Female,18,5.2,70.0,34.0,7,0,Graduate,Yes,Yes,7.6,1,58.0,Fail
Male,17,4.2,100.0,68.0,2,1,Graduate,No,Yes,7.3,2,77.0,Pass
Female,19,3.1,74.0,34.0,3,1,School,No,No,7.3,1,48.0,Fail
Female,15,0.0,88.0,48.0,5,0,None,Yes,No,6.9,3,33.0,Fail
Male,16,1.5,95.0,82.0,3,0,School,Yes,Yes,7.1,1,81.0,Pass
Male,16,4.0,87.0,89.0,6,2,Graduate,Yes,Yes,6.8,5,70.0,Pass
Female,15,4.8,83.0,44.0,6,0,School,Yes,Yes,8.2,1,62.0,Pass
Female,16,4.7,82.0,57.0,6,0,Graduate,Yes,No,9.5,4,68.0,Pass
Male,16,0.6,81.0,63.0,1,0,Graduate,Yes,No,7.2,4,58.0,Fail
Female,18,3.5,75.0,89.0,7,0,Graduate,Yes,Yes,7.0,1,77.0,Pass
Male,16,4.5,77.0,55.0,5,0,School,No,No,7.3,2,62.0,Pass
Female,19,0.5,100.0,55.0,3,0,School,No,Yes,6.3,4,53.0,Fail
Female,18,3.0,81.0,85.0,2,0,School,Yes,No,7.8,1,81.0,Pass
Male,19,3.4,73.0,56.0,5,0,School,Yes,Yes,7.5,3,63.0,Pass
Female,15,2.5,76.0,73.0,6,0,School,Yes,Yes,6.5,2,65.0,Pass
Female,19,0.2,95.0,40.0,1,1,School,Yes,No,8.0,1,45.0,Fail
Female,18,2.5,90.0,59.0,6,0,School,Yes,No,7.0,3,65.0,Pass
Male,19,2.5,89.0,37.0,7,0,Graduate,Yes,Yes,5.9,3,53.0,Fail
Male,16,2.8,79.0,46.0,2,0,School,Yes,No,7.4,2,58.0,Fail
Male,19,2.2,89.0,75.0,11,0,School,Yes,Yes,7.3,5,69.0,Pass
Male,17,2.3,74.0,61.0,4,0,Postgraduate,Yes,Yes,8.1,1,70.0,Pass
Male,15,2.9,79.0,57.0,9,0,Graduate,No,No,7.9,3,70.0,Pass
Female,17,3.7,94.0,51.0,1,0,Postgraduate,Yes,No,6.9,1,76.0,Pass
Female,15,2.5,92.0,59.0,3,0,Graduate,Yes,Yes,6.5,4,64.0,Pass
Female,19,2.4,70.0,67.0,10,1,None,No,No,7.0,3,44.0,Fail
Male,16,3.1,72.0,77.0,7,1,Postgraduate,Yes,No,7.4,4,65.0,Pass
Male,16,0.1,83.0,23.0,5,0,Postgraduate,Yes,Yes,7.5,1,35.0,Fail
Female,17,3.7,100.0,50.0,4,0,Graduate,No,No,7.3,3,66.0,Pass
Male,17,3.0,59.0,64.0,2,1,Graduate,Yes,Yes,6.9,1,57.0,Fail
Female,15,3.1,85.0,61.0,3,0,School,Yes,No,8.1,2,72.0,Pass
Female,19,4.4,65.0,68.0,6,2,Graduate,Yes,Yes,6.3,5,51.0,Fail
Male,19,0.1,74.0,66.0,8,0,Graduate,Yes,Yes,9.7,4,46.0,Fail
Male,18,0.0,78.0,57.0,6,0,Graduate,Yes,Yes,7.8,1,51.0,Fail
Male,18,3.4,77.0,54.0,5,1,School,Yes,Yes,5.8,2,50.0,Fail
Male,17,3.0,76.0,58.0,3,0,None,Yes,Yes,7.2,5,53.0,Fail
Male,17,3.3,82.0,79.0,3,0,School,Yes,No,7.8,1,75.0,Pass
Female,17,2.3,76.0,51.0,1,0,School,No,Yes,6.6,4,49.0,Fail
Female,15,4.0,64.0,61.0,6,0,School,Yes,Yes,5.4,2,62.0,Pass
Female,15,4.4,91.0,65.0,4,1,Postgraduate,Yes,Yes,5.9,3,68.0,Pass
Female,16,3.7,91.0,85.0,8,2,School,No,Yes,7.6,5,63.0,Pass
Female,17,2.6,92.0,57.0,7,0,School,Yes,Yes,5.1,4,57.0,Fail
Male,15,0.0,64.0,76.0,9,0,School,Yes,No,5.4,2,55.0,Fail
Male,15,4.2,86.0,80.0,5,0,Graduate,Yes,Yes,7.6,1,91.0,Pass
Female,19,4.8,90.0,61.0,3,0,Graduate,Yes,No,6.8,2,76.0,Pass
Male,16,4.0,70.0,59.0,5,0,Graduate,Yes,No,6.2,3,65.0,Pass
Male,17,1.7,82.0,57.0,4,0,Postgraduate,Yes,Yes,6.5,1,60.0,Pass
Female,17,4.0,81.0,58.0,3,1,Postgraduate,No,No,5.4,5,60.0,Pass
Female,18,4.3,100.0,75.0,7,0,Graduate,Yes,Yes,7.5,1,86.0,Pass
Female,18,5.3,100.0,65.0,6,0,Graduate,Yes,No,6.1,3,84.0,Pass
Female,16,1.7,62.0,66.0,3,0,School,Yes,No,6.4,5,46.0,Fail
Male,19,2.7,100.0,45.0,3,0,Graduate,No,No,7.4,2,57.0,Fail
Female,16,4.1,71.0,47.0,6,0,School,Yes,No,6.7,3,57.0,Fail
Female,19,3.1,94.0,94.0,7,0,Graduate,Yes,Yes,6.2,1,86.0,Pass
Female,17,1.3,94.0,59.0,6,0,School,Yes,Yes,4.8,4,49.0,Fail
Female,15,3.6,70.0,50.0,3,3,School,Yes,No,7.4,5,34.0,Fail
Female,18,3.9,88.0,83.0,5,0,None,No,Yes,7.1,4,80.0,Pass
Male,15,3.1,81.0,66.0,7,0,Graduate,Yes,No,6.4,1,63.0,Pass
Male,18,3.3,89.0,71.0,1,1,Graduate,Yes,Yes,5.9,2,62.0,Pass
Male,15,2.6,85.0,60.0,9,0,None,Yes,Yes,7.0,4,61.0,Pass
Male,16,5.2,96.0,57.0,7,3,Graduate,Yes,Yes,7.5,4,60.0,Pass
Male,18,1.6,83.0,59.0,5,0,School,Yes,No,7.1,3,55.0,Fail
Male,19,2.1,80.0,41.0,3,0,Graduate,Yes,Yes,8.8,5,47.0,Fail
Female,17,3.0,95.0,61.0,5,0,None,Yes,Yes,7.8,2,66.0,Pass
Female,15,4.3,89.0,66.0,6,0,None,Yes,No,6.9,4,74.0,Pass
Female,16,0.8,91.0,90.0,6,1,Graduate,Yes,Yes,7.8,3,62.0,Pass
Female,19,1.0,74.0,63.0,7,0,Graduate,Yes,Yes,7.1,4,48.0,Fail
Female,18,0.0,69.0,27.0,6,1,Graduate,Yes,Yes,7.0,3,22.0,Fail
Female,15,3.0,75.0,61.0,7,1,Graduate,Yes,Yes,8.4,3,59.0,Fail
Male,16,1.3,75.0,100.0,4,1,Postgraduate,No,Yes,6.0,5,67.0,Pass
Female,16,2.4,91.0,75.0,4,2,School,No,No,7.0,5,58.0,Fail
Male,15,4.0,94.0,50.0,3,0,School,No,Yes,8.3,5,68.0,Pass
Male,19,2.0,80.0,71.0,4,0,Postgraduate,Yes,Yes,7.3,1,72.0,Pass
Female,18,3.3,99.0,51.0,7,1,School,Yes,Yes,6.6,3,58.0,Fail
Female,15,2.6,98.0,42.0,6,0,Graduate,No,Yes,5.1,4,51.0,Fail
Male,18,4.0,85.0,57.0,5,0,None,Yes,Yes,4.5,5,59.0,Fail
Male,17,3.7,72.0,63.0,2,0,Graduate,Yes,No,9.3,2,64.0,Pass
Male,15,2.0,100.0,34.0,3,0,School,No,No,7.3,4,41.0,Fail
Male,17,2.7,81.0,45.0,7,1,Graduate,Yes,Yes,6.4,3,42.0,Fail
Male,15,4.6,84.0,62.0,0,0,Graduate,Yes,Yes,7.4,2,77.0,Pass
Female,16,3.6,78.0,56.0,7,0,None,Yes,No,6.0,5,56.0,Fail
Female,19,0.9,71.0,68.0,9,3,School,Yes,Yes,6.6,3,30.0,Fail
Female,18,4.0,64.0,44.0,6,0,School,Yes,Yes,6.0,4,52.0,Fail
Female,15,1.4,90.0,73.0,8,1,School,Yes,Yes,5.4,2,52.0,Fail
Female,19,5.1,73.0,44.0,4,0,School,Yes,Yes,4.7,1,55.0,Fail
Female,17,4.5,100.0,87.0,8,0,Postgraduate,Yes,No,5.2,3,83.0,Pass
Male,19,3.4,69.0,36.0,10,0,School,Yes,No,8.1,4,40.0,Fail
Male,18,3.2,67.0,46.0,6,0,School,Yes,Yes,5.9,2,54.0,Fail
Female,16,2.7,88.0,68.0,7,0,School,Yes,Yes,7.6,5,65.0,Pass
Male,17,4.0,100.0,87.0,5,0,School,No,Yes,8.1,4,88.0,Pass
Male,17,2.4,83.0,67.0,5,0,School,Yes,No,7.0,4,61.0,Pass
Male,18,3.4,89.0,70.0,7,0,Graduate,No,Yes,6.7,5,66.0,Pass
Female,16,4.3,60.0,62.0,7,0,Graduate,Yes,Yes,7.1,5,72.0,Pass
Male,16,2.2,74.0,47.0,5,0,Graduate,Yes,No,6.5,4,43.0,Fail
Female,16,2.1,69.0,55.0,6,1,School,Yes,No,8.3,5,52.0,Fail
Male,16,1.2,59.0,44.0,4,2,Graduate,Yes,Yes,9.1,4,41.0,Fail
Male,15,1.4,83.0,43.0,4,0,Postgraduate,Yes,Yes,8.6,5,55.0,Fail
Male,15,0.3,55.0,68.0,4,0,Postgraduate,Yes,Yes,4.6,1,51.0,Fail
Male,19,4.1,66.0,45.0,1,0,Postgraduate,Yes,No,6.5,2,67.0,Pass
Female,15,5.7,76.0,67.0,10,0,School,No,No,7.0,5,67.0,Pass
Male,19,5.1,72.0,42.0,9,2,Postgraduate,Yes,No,7.5,3,46.0,Fail
Male,15,0.6,87.0,66.0,2,3,Graduate,No,Yes,5.1,1,39.0,Fail
Female,18,4.1,86.0,55.0,7,0,Graduate,Yes,Yes,5.1,5,59.0,Fail
Female,16,5.1,93.0,83.0,3,0,Graduate,No,Yes,8.4,4,84.0,Pass
Male,17,2.3,91.0,67.0,7,1,Postgraduate,Yes,Yes,6.4,5,65.0,Pass
Female,16,3.2,96.0,81.0,4,0,School,Yes,Yes,5.4,1,75.0,Pass
Female,17,0.0,82.0,51.0,4,0,Graduate,Yes,Yes,5.8,1,48.0,Fail
Male,17,3.4,86.0,63.0,9,0,Graduate,No,Yes,7.4,3,58.0,Fail
Female,17,1.4,88.0,47.0,7,0,Graduate,Yes,No,6.1,1,50.0,Fail
Female,16,3.3,84.0,56.0,5,0,Graduate,Yes,No,7.3,3,58.0,Fail
Female,17,0.7,77.0,58.0,3,0,School,No,Yes,5.9,2,44.0,Fail
Male,19,3.8,78.0,51.0,6,0,School,Yes,Yes,5.1,2,58.0,Fail
Male,17,4.5,72.0,44.0,5,0,School,Yes,No,8.6,4,63.0,Pass
Male,16,1.8,87.0,41.0,5,2,Graduate,Yes,Yes,7.4,1,44.0,Fail
Female,15,1.3,81.0,27.0,3,2,Graduate,Yes,Yes,6.6,5,30.0,Fail
Female,16,0.0,74.0,46.0,2,0,Graduate,Yes,No,6.4,1,44.0,Fail
Male,15,2.6,74.0,71.0,7,0,Graduate,Yes,Yes,8.6,3,66.0,Pass
Male,15,2.1,67.0,38.0,6,1,Graduate,Yes,Yes,7.7,5,43.0,Fail
Female,19,0.7,94.0,41.0,6,1,School,Yes,No,8.3,1,39.0,Fail
Female,15,3.7,83.0,89.0,9,0,Graduate,Yes,No,6.4,5,82.0,Pass
Female,17,2.3,72.0,52.0,2,0,Postgraduate,No,Yes,7.1,2,63.0,Pass
Male,19,1.4,92.0,67.0,3,0,Graduate,Yes,No,7.4,4,60.0,Pass
Female,19,2.2,75.0,72.0,11,1,Postgraduate,Yes,Yes,6.4,5,54.0,Fail
Male,15,4.6,65.0,72.0,2,0,Postgraduate,Yes,No,6.9,2,75.0,Pass
Female,15,3.9,94.0,39.0,7,0,School,Yes,No,6.4,2,49.0,Fail
Male,16,2.8,76.0,59.0,7,2,Graduate,Yes,No,7.4,5,46.0,Fail
Male,17,3.9,77.0,38.0,5,0,Graduate,Yes,No,5.5,1,60.0,Pass
Male,19,1.3,82.0,99.0,6,2,School,Yes,No,7.6,1,62.0,Pass
Female,16,3.0,96.0,38.0,10,0,School,Yes,Yes,7.3,2,58.0,Fail
Female,15,3.2,82.0,46.0,5,0,School,No,No,6.8,4,50.0,Fail
Male,16,2.3,68.0,46.0,3,2,School,Yes,Yes,7.5,5,48.0,Fail
Female,19,3.7,89.0,40.0,4,2,Graduate,Yes,Yes,6.6,3,44.0,Fail
Male,15,1.8,76.0,82.0,3,3,School,Yes,Yes,6.3,3,52.0,Fail
Male,16,3.8,100.0,98.0,4,1,School,Yes,Yes,7.6,5,82.0,Pass
Male,15,3.8,82.0,55.0,3,0,Graduate,Yes,No,7.6,1,65.0,Pass
Female,15,0.0,55.0,42.0,7,0,School,No,Yes,6.4,5,35.0,Fail
Male,19,4.8,86.0,28.0,2,0,Postgraduate,Yes,Yes,6.3,2,61.0,Pass
Female,15,0.0,100.0,58.0,4,2,School,Yes,Yes,6.8,2,48.0,Fail
Male,16,2.1,100.0,57.0,7,0,School,Yes,No,6.4,5,51.0,Fail
Male,19,4.5,100.0,52.0,6,1,Postgraduate,Yes,No,8.7,4,69.0,Pass
Male,18,2.5,70.0,65.0,2,2,Graduate,No,No,7.3,3,46.0,Fail
Female,15,0.8,93.0,68.0,11,3,Graduate,Yes,Yes,7.0,2,37.0,Fail
Male,17,1.4,73.0,67.0,3,2,Graduate,Yes,No,6.0,3,49.0,Fail
Female,19,4.5,85.0,57.0,5,0,School,Yes,Yes,7.8,4,70.0,Pass
Female,17,0.1,67.0,45.0,4,0,Graduate,No,Yes,6.3,1,40.0,Fail
Male,17,4.7,74.0,72.0,4,3,School,No,No,6.3,1,59.0,Fail
Female,17,2.9,74.0,62.0,6,0,Graduate,Yes,Yes,7.8,2,69.0,Pass
Female,18,1.2,93.0,75.0,6,0,School,Yes,No,7.4,3,72.0,Pass
Male,15,2.1,92.0,74.0,4,3,Graduate,Yes,Yes,4.2,5,44.0,Fail
Male,19,1.5,85.0,41.0,3,0,School,Yes,No,6.8,2,54.0,Fail
Male,19,4.3,66.0,40.0,2,0,School,Yes,Yes,7.1,4,64.0,Pass
Female,15,4.1,78.0,51.0,1,0,School,Yes,No,6.6,5,59.0,Fail
Male,19,0.4,73.0,46.0,2,0,Graduate,Yes,Yes,7.2,3,39.0,Fail
Female,19,2.4,92.0,73.0,6,2,School,Yes,No,5.0,5,46.0,Fail
Female,18,1.7,96.0,67.0,5,0,Graduate,Yes,No,4.0,5,57.0,Fail
Female,16,4.9,95.0,78.0,2,0,School,Yes,Yes,5.9,4,92.0,Pass
Male,17,1.0,73.0,68.0,0,0,Graduate,Yes,Yes,7.3,2,63.0,Pass
Female,19,5.4,49.0,65.0,7,1,School,Yes,No,4.0,2,54.0,Fail
Male,15,3.0,61.0,80.0,9,2,Postgraduate,No,Yes,6.1,5,51.0,Fail
Male,19,1.3,99.0,69.0,6,0,School,No,Yes,4.9,3,52.0,Fail
Male,19,2.0,77.0,63.0,6,0,School,Yes,No,6.7,1,63.0,Pass
Male,18,1.8,73.0,84.0,4,0,School,Yes,Yes,9.2,4,70.0,Pass
Male,16,1.1,100.0,64.0,5,0,None,Yes,No,6.8,2,68.0,Pass
Male,17,3.1,97.0,57.0,3,0,School,Yes,No,6.9,5,66.0,Pass
Male,15,1.2,82.0,49.0,1,0,School,Yes,Yes,7.9,5,55.0,Fail
Male,19,0.0,78.0,73.0,3,0,Postgraduate,Yes,Yes,7.0,1,62.0,Pass
Female,16,2.4,80.0,81.0,7,0,Graduate,Yes,No,6.8,5,64.0,Pass
Male,15,0.3,85.0,61.0,3,0,School,Yes,No,8.0,5,49.0,Fail
Female,18,1.9,100.0,82.0,5,0,School,Yes,No,7.5,4,67.0,Pass
Female,18,1.6,87.0,32.0,3,0,School,Yes,No,7.3,2,48.0,Fail
Female,18,1.7,91.0,61.0,8,0,School,Yes,Yes,6.8,4,56.0,Fail
Female,15,6.0,96.0,61.0,8,0,School,Yes,Yes,6.6,5,80.0,Pass
Female,18,3.1,68.0,51.0,6,0,School,No,No,8.0,5,52.0,Fail
Female,18,3.4,91.0,98.0,4,3,School,Yes,No,6.6,3,69.0,Pass
Female,18,0.3,78.0,61.0,1,0,Postgraduate,Yes,Yes,8.4,4,53.0,Fail
Female,19,2.0,52.0,56.0,5,2,Graduate,Yes,Yes,5.8,2,41.0,Fail
Male,16,3.3,56.0,62.0,5,0,Postgraduate,Yes,Yes,8.6,2,65.0,Pass
Male,16,1.5,70.0,32.0,7,0,School,Yes,No,7.5,4,40.0,Fail
Female,19,4.4,88.0,51.0,3,0,Postgraduate,Yes,Yes,5.9,3,65.0,Pass
Male,17,1.2,83.0,77.0,1,0,School,Yes,Yes,7.6,2,72.0,Pass
Female,17,2.6,84.0,53.0,7,1,School,Yes,Yes,6.3,4,57.0,Fail
Male,16,2.1,100.0,50.0,5,1,Graduate,Yes,No,7.0,2,55.0,Fail
Male,18,3.2,67.0,82.0,1,0,None,No,No,6.5,3,72.0,Pass
Female,18,2.0,82.0,82.0,4,1,School,Yes,No,6.9,2,68.0,Pass
Female,15,2.6,86.0,70.0,6,0,Graduate,No,No,8.0,5,74.0,Pass
Female,17,2.6,73.0,55.0,2,2,Graduate,Yes,No,7.6,5,49.0,Fail
Male,19,1.9,82.0,58.0,9,1,Graduate,Yes,Yes,5.8,3,53.0,Fail
Female,16,3.7,63.0,50.0,4,0,School,Yes,No,5.8,4,53.0,Fail
Female,16,3.4,99.0,47.0,5,1,None,Yes,No,7.3,1,51.0,Fail
